,Review,Review_norm
0,pengiriman yg sangat lambat sungguh mengecewakan jng pakai jasa yg udah merugikan konsumen,pengiriman yang sangat lambat sungguh mengecewakan jangan pakai jasa yang sudah merugikan konsumen
1,kecewa bgt pelayanannya krg bisa membantu udah kyk chat sama robot,kecewa banget pelayanannya kurang bisa membantu sudah kayak chat sama robot
2,salah kirim harusnya glow maker,salah kirim harusnya glow maker
3,pesanan belum diterima dan amsih ajukan komplain kok udah terima pesanan jadi selesai,pesanan belum diterima dan amsih ajukan komplain kok sudah terima pesanan jadi selesai
4,malah muncul jerawat pas pake ini sekali sebelumnya ga ada,malah muncul jerawat pas pakai ini sekali sebelumnya enggak ada
5,klo beli selalu lama pengiriman nya kenapa ya sama si somethinc ini ada masalahkan sama kalian ada masalahkah dg packing kalian ada masalahkah dg karyawan kalian saya beli dari jam pagi sampe nya malah hari loh padahal jarak pengiriman masih di satu kecamatan tolong diperbaiki management somethinc untuk ke kalinya saya kasih bintang karena kecewa dg pelayanan kalian,kalo beli selalu lama pengiriman nya kenapa ya sama sih somethinc ini ada masalahkan sama kalian ada masalahkah dengan packing kalian ada masalahkah dengan karyawan kalian saya beli dari jam pagi sampai nya malah hari loh padahal jarak pengiriman masih di satu kecamatan tolong diperbaiki management somethinc untuk ke kalinya saya kasih bintang karena kecewa dengan pelayanan kalian
6,saya kasih bintang itu aja harus nya gak mau saya kasih bintang ni pembelian ke saya saya sangat kecewa karena pengiriman sangatttttttttt lama respon penjual sangat lelet saya pikir pembelian ke lebih cepat ternyata sama aja management nya perlu diperbaiki ditambah semua barang tidak ada yg free ongkir penjual sangat pelit kikir tolong lebih care ke customer gimana barang anda mau laku kalo semua nya gak ada yg gratis ongkir kalah sama brand lain yg udah ngasih pelayanan terbaik note ini pembelian saya terakhir dan tidak mau beli disini lagi bye,saya kasih bintang itu saja harus nya enggak mau saya kasih bintang nih pembelian ke saya saya sangat kecewa karena pengiriman sangatttttttttt lama respon penjual sangat lelet saya pikir pembelian ke lebih cepat ternyata sama saja management nya perlu diperbaiki ditambah semua barang tidak ada yang free ongkir penjual sangat pelit kikir tolong lebih care ke customer bagaimana barang anda mau laku kalo semua nya enggak ada yang gratis ongkir kalah sama brand lain yang sudah mengasih pelayanan terbaik note ini pembelian saya terakhir dan tidak mau beli disini lagi bye
7,kecewa bgt sama somethinc pakai produk ini mukaku keluar beruntusan parah kulitnya disentuh aja jadi sakit trs aku konsultasi ke wa nya dijawab sekali trus gak pernah dijawab lagi please  ini muka orang pelayanannya diperbaiki jangan cuma bisa jual doank,kecewa banget sama somethinc pakai produk ini mukaku keluar beruntusan parah kulitnya disentuh saja jadi sakit terus aku konsultasi ke wa nya dijawab sekali terus enggak pernah dijawab lagi please  ini muka orang pelayanannya diperbaiki jangan cuma bisa jual doang
8,no review found,no review found
9,irritated my eyelids takes  while to absorb,irritated my eyelids takes  while tapi absorb
10,pengiriman lama bye,pengiriman lama bye
11,kecewa bnget kemasan botol nya pecah isi serum nya tumpah padahal packing rapi tolong di pastikan sebelum ngirim serum di periksa dulu kemasan nya,kecewa banget kemasan botol nya pecah isi serum nya tumpah padahal packing rapi tolong di pastikan sebelum mengirim serum di periksa dulu kemasan nya
12,muka kok malah nambah jerawat ya baunya juga menyengat gk suka,muka kok malah menambah jerawat ya baunya juga menyengat enggak suka
13,admin somethinc asal skli aku pesen serum mata tpi serum matanya tdk termasuk bisa dilihat di invoice aku salah asal percaya aja jdi aku terima notifnya barang smpai aku percaya sekelas somethinc pasti pelayanan prima skrng tiba tiba stok hbis jdi gimana ini tanggung jawabnya sudah aku wanti wanti dng sopan cek smua pesanan dan dikemas aman bkin kecewa,admin somethinc asal sekali aku pesan serum mata tapi serum matanya tidak termasuk bisa dilihat di invoice aku salah asal percaya saja jadi aku terima notifnya barang sampai aku percaya sekelas somethinc pasti pelayanan prima sekarang tiba tiba stok habis jadi bagaimana ini tanggung jawabnya sudah aku wanti wanti dengan sopan cek semua pesanan dan dikemas aman bikin kecewa
14,beli di ksih,beli di kasih
15,botolnya pecah so disappointed yg ini paraaaaah produknya bocor,botolnya pecah so disappointed yang ini paraaaaah produknya bocor
16,ini juga sama botolnya pecah next time kalo packaging rusak jangan dikasih ke customer dong,ini juga sama botolnya pecah next time kalo packaging rusak jangan dikasih ke customer dong
17,sy gak cocok sama serum yg ini setelah bbrp kali pakai tiap malam wajah jd brutusan dan muncul jerawat kecil,saya enggak cocok sama serum yang ini setelah beberapa kali pakai tiap malam wajah jadi beruntusan dan muncul jerawat kecil
18,produk lama menyerap  kulit terasa lengket bgt  pakeny,produk lama menyerap  kulit terasa lengket banget  pakeny
19,ancur,hancur
20,edit hr lbh stlh coba holy grail mulai ada bau asam dan muka jd bruntusan parah pdhal seblmnya sdh halus stlh pakai sulwha mencoba tanya via cs toped tp muterrr aja smp lelah sorry somethinc sy ga berniat minta ganti rugi atau apa tp feedback kalian spt ini jujur sy kecewa tetap sy repurchase serum lainnya tp bukan holygrail salmon dna krim sos bakuchiol blm tau di antara itu yg trigger yg mana anggep buang sial deh first time nyoba moga cocok ama bundling ini,edit hari lebih setelah coba holy grail mulai ada bau asam dan muka jadi bruntusan parah padahal seblmnya sudah halus setelah pakai sulwha mencoba tanya via customer service toped tapi muterrr saja sampai lelah sorry somethinc saya enggak berniat meminta ganti rugi atau apa tapi feedback kalian seperti ini jujur saya kecewa tetap saya repurchase serum lainnya tapi bukan holygrail salmon dna krim sos bakuchiol belum tau di antara itu yang trigger yang mana anggep buang sial deh first time mencoba moga cocok sama bundling ini
21,kok warnanya beda dengan biasanya ya biasanya agak kuning,kok warnanya beda dengan biasanya ya biasanya agak kuning
22,gratisan mini serum tidak dikirimkan,gratisan mini serum tidak dikirimkan
23,packing,packing
24,eyeshadow nya bagus sayangnya waktu diterima shade pecah,eyeshadow nya bagus sayangnya waktu diterima shade pecah
25,tolong dong ini official store kok bisa pipetnya gabisanyedot mana beling masa harus saya pecahin dulu gimana nih isinya juga lumayan astagaaa tolong dong,tolong dong ini official store kok bisa pipetnya gabisanyedot mana beling masa harus saya pecahin dulu bagaimana nih isinya juga lumayan astaga tolong dong
26,ga kekirim tiba selesai aja gatau dimana paketnya trus ga ada follow up bingunggg deh,enggak kekirim tiba selesai saja enggak tau dimana paketnya terus enggak ada follow up bingunggg deh
27,kecewa serum bha colicylic acid tumpah udah gitu saya lupa buat ngerekam,kecewa serum bha colicylic acid tumpah sudah begitu saya lupa buat ngerekam
28,bener kecewa beli apa yang dikirim apa alhasil gak kepake dong sumpah baru kali ini beli di toko official resmi tp salah tolong karyawannya di training yang betull lagi bener kecewa mau balikin ya berat di ongkir dong say mikir pakek otak jangan dengkul,benar kecewa beli apa yang dikirim apa alhasil enggak terpakai dong sumpah baru kali ini beli di toko official resmi tapi salah tolong karyawannya di training yang betull lagi benar kecewa mau balikin ya berat di ongkir dong sayang mikir pakai otak jangan dengkul
29,eyelinernya kering padahal aplikator nya udh keren banget kecil sayang saya  bisa uplod video nya,eyelinernya kering padahal aplikator nya sudah keren banget kecil sayang saya  bisa uplod video nya
30,dijanjiin hari sampe  ternyata jadi hari padahal aku mau kasih barang itu ke orang lain dan kalau sesuai jadwal dia masih bisa bawa barangnya mau dibalikin gabisa katanya mau follow up dulu  gak difollow up sekarang aku tanyain katanya udh gabisa dibalikin kecewa parah sih gak kepake juga kan jadinya kalo bisa kasih rating aku kasih deh,dijanjiin hari sampai  ternyata jadi hari padahal aku mau kasih barang itu ke orang lain dan kalau sesuai jadwal dia masih bisa bawa barangnya mau dibalikin enggak bisa katanya mau follow up dulu  enggak difollow up sekarang aku tanyakan katanya sudah enggak bisa dibalikin kecewa parah sih enggak terpakai juga kan jadinya kalo bisa kasih rating aku kasih deh
31,oily banget parah agak kurang nyaman kalo dipake dan baunya nyengat banget menurut aku ini ga cocok dipake buat kalian yang lagi cari sunscreen buat direapply waktu lagi kegiatan diluar rumah,oily banget parah agak kurang nyaman kalo dipakai dan baunya nyengat banget menurut aku ini enggak cocok dipakai buat kalian yang lagi cari sunscreen buat direapply waktu lagi kegiatan diluar rumah
32,kemasan serumnya botol kaca tapi sangat fragile kemasan sebelumnya tidak se fragile ini saya pernah beli produk serum somethinc sebelumnya jatuh juga tapi tidak pecah ini saya baru beli jatuh dari tempat rendah langsung pecah seperti ini kecewa,kemasan serumnya botol kaca tapi sangat fragile kemasan sebelumnya tidak se fragile ini saya pernah beli produk serum somethinc sebelumnya jatuh juga tapi tidak pecah ini saya baru beli jatuh dari tempat rendah langsung pecah seperti ini kecewa
33,penjual lamaaaa,penjual lama
34,penjual lamaaaaa,penjual lamaaaaa
35,sayng skali dg produk sebagus itu tapi admin tokonya lelet parahhh sekelas official store duhhh baru kali ini nemu admin official store yg leletnya kebangetan somethinc tolong ditingkatkan,sayng sekali dengan produk sebagus itu tapi admin tokonya lelet parah sekelas official store duh baru kali ini nemu admin official store yang leletnya kebangetan somethinc tolong ditingkatkan
36,barang tidak diterima komplain ke penjual di respond suruh hubungi kurirnya sendiri status barang sdh sampai tp barang belum saya terima komplain diinvestigasi hari kerja refund uang hari kerja ini sudah lewat hari kerja masalah belum kelar kapok dah beli toko official malah kaleng kualitasnya,barang tidak diterima komplain ke penjual di respond suruh hubungi kurirnya sendiri status barang sudah sampai tapi barang belum saya terima komplain diinvestigasi hari kerja refund uang hari kerja ini sudah lewat hari kerja masalah belum kelar kapok deh beli toko official malah kaleng kualitasnya
37,hati hati jebakan batman,hati hati jebakan batman
38,barang tidak diterima sama sekali,barang tidak diterima sama sekali
39,barang tidak saya terima sampai sekarang kurir ditanya balesnya lama karna pengiriman dipindahtangankan sama kurir pertama kecewa saya pdhal alamat sudah sesuai dan  biasanya begini tolong kak dikomplain bagian ekspedisi pengirimannya trimakasih,barang tidak saya terima sampai sekarang kurir ditanya balesnya lama karena pengiriman dipindahtangankan sama kurir pertama kecewa saya padahal alamat sudah sesuai dan  biasanya begini tolong kak dikomplain bagian ekspedisi pengirimannya terima kasih
40,engga cocok mukaku tambah jerawat parah,enggak cocok mukaku tambah jerawat parah
41,hadiahnya bohongan,hadiahnya bohongan
42,bohong,bohong
43,bruntusan,bruntusan
44,zzz,zzz
45,maaf terlalu berminyak dan berat di wajah,maaf terlalu berminyak dan berat di wajah
46,perusahaan besar lelet ngirimnya suffering from success ya,perusahaan besar lelet ngirimnya suffering from success ya
47,kurang efektif,kurang efektif
48,jujur sedih bgt pas barangnya sampe tapi kemasannya tidak menutup rapat sehingga cairannya keluar sedikit,jujur sedih banget pas barangnya sampai tapi kemasannya tidak menutup rapat sehingga cairannya keluar sedikit
49,seperti biasa produk yg viral tidak sesuai ekspektasi produk bikin breakout dan jerawat merah padahal sebelumnya pipi sama sekali ga pernah berjerawat untung sy langsung beri obat totol jerawat paling parah respon admin pun bertele tele jawaban yg diberikan pun otomatis seperti bot,seperti biasa produk yang viral tidak sesuai ekspektasi produk bikin breakout dan jerawat merah padahal sebelumnya pipi sama sekali enggak pernah berjerawat untung saya langsung beri obat totol jerawat paling parah respon admin pun bertele tele jawaban yang diberikan pun otomatis seperti bot
50,iyah saya tau toko official tapi dalam pengiriman barang mengapa harus lambat perlu ditingkatkan lah respon pengiriman sekelas toko oficial,iya saya tau toko official tapi dalam pengiriman barang mengapa harus lambat perlu ditingkatkan lah respon pengiriman sekelas toko oficial
51,kalo isinya cuma harusnya botolnya bisa di adjust sesuaikan dg isi atau sebaliknya feedback aja dear,kalo isinya cuma harusnya botolnya bisa di adjust sesuaikan dengan isi atau sebaliknya feedback saja dear
52,diprosesnya lama tp giliran minta cancel malah lgsg dkirim,diprosesnya lama tapi giliran meminta cancel malah langsung dkirim
53,bikin jerawataaan muka jdi gk jelas pdhl klo pakek serum somethinc yg lain gk ada msalah,bikin jerawataaan muka jadi enggak jelas padahal kalo pakai serum somethinc yang lain enggak ada masalah
54,ini packingnya gmn yaa tutup kemasannya kebuka tuh jadi tumpah semua ada penggantian gak ya ini,ini packingnya bagaimana ya tutup kemasannya kebuka tuh jadi tumpah semua ada penggantian enggak ya ini
55,selalu lama kirimnya padahal sudah repeat order berkali kali,selalu lama kirimnya padahal sudah repeat order berkali kali
56,nyesss banget isinya cuma setengah padahal klo emang cocok bakal repeat order tp ternyata amat sangat mengecewakan,nyesss banget isinya cuma setengah padahal kalo memang cocok bakal repeat order tapi ternyata amat sangat mengecewakan
57,lama proses dan kirimnya,lama proses dan kirimnya
58,pesen banyak pas sampe yg dark spot reducer emg ke segel di bawa terbang travelling pas di liat bocor setelah di check ternyata pump nya defect saran admin ya malah disuruh pindahin ke share in jar sama malah nuduh naro barang nya ga safety jelas jelas naro di koper dan di skin care pouch in conclusion admin cuma nawarin ganti pump dan ga mau retur full saran aja kalau beli di official store di videoin sampe nyobain ke productnya unboxing aja belum cukup karena ternyata defectnya di pump sekelas somethinc masih cheapskate bgt sama konsumen repurchase again no,pesan banyak pas sampai yang dark spot reducer memang ke segel di bawa terbang travelling pas di lihat bocor setelah di check ternyata pump nya defect saran admin ya malah disuruh pindahin ke share ini jar sama malah menuduh naro barang nya enggak safety jelas jelas naro di koper dan di skin care pouch ini conclusion admin cuma menawari ganti pump dan enggak mau retur full saran saja kalau beli di official store di videoin sampai mencoba ke productnya unboxing saja belum cukup karena ternyata defectnya di pump sekelas somethinc masih cheapskate banget sama konsumen repurchase again no
59,tidak original,tidak original
60,pengiriman lama,pengiriman lama
61,gak dapet spatulanya pdahl beli,enggak dapat spatulanya pdahl beli
62,kata free gift kok ga ada pengiriman nya juga lama,kata free gift kok enggak ada pengiriman nya juga lama
63,produk tp beda isi cairannya cs ditanya ga membantu bertele tele,produk tapi beda isi cairannya customer service ditanya enggak membantu bertele tele
64,kecewa karena isi tidak full seperti saya beli di tempat lain,kecewa karena isi tidak full seperti saya beli di tempat lain
65,terpaksa kasi penilaian jelek untuk admin al el ve yang handle chat karena balasnya asal dan tidak menjawab konsultasi customer dengan baik pertanyan dan jawabannya tidak sesuai asal balas tanpa membaca permasalahan pembeli,terpaksa kasih penilaian jelek untuk admin al el ve yang handle chat karena balasnya asal dan tidak menjawab konsultasi customer dengan baik pertanyan dan jawabannya tidak sesuai asal balas tanpa membaca permasalahan pembeli
66,serasa ditipu dengan penjelasannya,serasa ditipu dengan penjelasannya
67,tutupnya pecah,tutupnya pecah
68,pengiriman sangat lambat saya pakai sameday di kirim hri kemudian,pengiriman sangat lambat saya pakai sameday di kirim hari kemudian
69,kok malah jerawatan,kok malah jerawatan
70,serum multibiome nya jamuran padahal jarang dipake dan selalu sebelahan sama serum  bakuchiol tapi cuma si multibiome aja yg jamuran uda whatsapp customer service untuk mastiin ini masih aman gak untuk dipake tapi ga ada jawaban tapi agak serem juga kalo luarnya jamuran ga berani coba isi serumnya serum retinol dan serum  bakuchiolnya oke sih jadi jatohnya beli cuma yg kepake,serum multibiome nya jamuran padahal jarang dipakai dan selalu sebelahan sama serum  bakuchiol tapi cuma sih multibiome saja yang jamuran sudah whatsapp customer service untuk mastiin ini masih aman enggak untuk dipakai tapi enggak ada jawaban tapi agak seram juga kalo luarnya jamuran enggak berani coba isi serumnya serum retinol dan serum  bakuchiolnya oke sih jadi jatohnya beli cuma yang terpakai
71,gak ada efek hanya keramik pijat nya saja yg buat sensasi rasa dingin,enggak ada efek hanya keramik pijat nya saja yang buat sensasi rasa dingin
72,pesan untuk kado sudah tulis ucapan di note tapi barang dikirim tanpa ucapan dan saya sbg pengirim tidak diberi info bahwa pesan tidak dituliskan payah,pesan untuk kado sudah tulis ucapan di note tapi barang dikirim tanpa ucapan dan saya sebagai pengirim tidak diberi info bahwa pesan tidak dituliskan payah
73,gak ada tuh dapet emas nya boong,enggak ada tuh dapat emas nya bohong
74,pengiriman nya lama,pengiriman nya lama
75,pengiriman lama sekali hr baru sampe padahal saya pakai ongkir,pengiriman lama sekali hari baru sampai padahal saya pakai ongkir
76,pengiriman lama beli tgl okt jam pagi masa gak diproses sampe tgl malem dan baru dikirim tgl okt itu pun setelah sy tegor berkalikali dan minta cancel baru dikirim tgl barang sampe tgl okt kapokkk beli disini kapok bgt,pengiriman lama beli tanggal okt jam pagi masa enggak diproses sampai tanggal malam dan baru dikirim tanggal okt itu pun setelah saya tegor berkalikali dan meminta cancel baru dikirim tanggal barang sampai tanggal okt kapokkk beli disini kapok banget
77,dikasinya bukan glow maker tapi supple power dah gt ga dapet pouch ga direkam karena ga nyangka sekelas somethinc bs salah kirim,dikasinya bukan glow maker tapi supple power deh begitu enggak dapat pouch enggak direkam karena enggak menyangka sekelas somethinc bisa salah kirim
78,kecewa sama pengiriman yang sangat lama hari klw utk produk nya saya suka dr dlu pake somethinc lebih cepat proses pengiriman dr toko sebelah brg diterima melewati estimasi waktu order tgl diterima tgl,kecewa sama pengiriman yang sangat lama hari kalau untuk produk nya saya suka dari dulu pakai somethinc lebih cepat proses pengiriman dari toko sebelah barang diterima melewati estimasi waktu order tanggal diterima tanggal
79,selalu deh cleansing balm nya meleleh kaya kena panas,selalu deh cleansing balm nya meleleh kayak kena panas
80,pesan barang paket lengkap yg dtg hanya paket,pesan barang paket lengkap yang datang hanya paket
81,lebih baik sabtu minggu tetap di proses walau kirim nya weekday padahal online gak tahu real or chat bot bikin insecure,lebih baik sabtu minggu tetap di proses walau kirim nya weekday padahal online enggak tahu real orang chat bot bikin insecure
82,lemot responnya,lemot responnya
83,wtf pas buka tutupnya ternyata yg keputer malah ke tempat moisturizernya langsung tumpah setengah,wtf pas buka tutupnya ternyata yang keputer malah ke tempat moisturizernya langsung tumpah setengah
84,isi tidak sesuai,isi tidak sesuai
85,kecewa bgt padahal beli pake voucher pas barang sampe ternyata vouchernya ga ke apply padahal jelas bgt kemarin vouchernya kecantol tiba ilang kapok,kecewa banget padahal beli pakai voucher pas barang sampai ternyata vouchernya enggak ke apply padahal jelas banget kemarin vouchernya kecantol tiba hilang kapok
86,gak habis pikir packaging tube nya gede tapi isinya seiprit kopong ngapain kali bkin produk model tube gede tapi ternyata kopong ribet bgd pakenya hrs diteken cari isinya gak worth it dgn harganya baru kali ini kecewa sama produk skincare,enggak habis pikir packaging tube nya gede tapi isinya seiprit kopong mengapai kali bikin produk model tube gede tapi ternyata kopong ribet banget pakenya harus diteken cari isinya enggak worth itu dengan harganya baru kali ini kecewa sama produk skincare
87,padahal udah ngikutin cara pakainya tapi wax nya kurang nempel di bulu ketiak kertasnya pun idem kurang nempel dibandingkan pakai kain wax,padahal sudah mengikuti cara pakainya tapi wax nya kurang menempel di bulu ketiak kertasnya pun idem kurang menempel dibandingkan pakai kain wax
88,gak dtg brgnya hilang di kurir,enggak datang brgnya hilang di kurir
89,ini cream  sebenernya hijau atau pink,ini cream  sebenarnya hijau atau pink
90,diterima dalam keadaan bocor sudah  kejadian seperti ini tolong diperiksa itu lini produksinya,diterima dalam keadaan bocor sudah  kejadian seperti ini tolong diperiksa itu lini produksinya
91,kirain kalo beli di ofc store nya bakalan aman ternyata tidak jg ya entah apa yg salah tp lipstick yg saya terima dalam kondisi patah dan somplak,mengira kalo beli di ofc store nya bakalan aman ternyata tidak juga ya entah apa yang salah tapi lipstick yang saya terima dalam kondisi patah dan somplak
92,bocor isinya sudah tidak ml parah sekali bocornya yg refill,bocor isinya sudah tidak ml parah sekali bocornya yang refill
93,sticky hard to blend formula doesn  really conceal any darkness for me just looks like an orange layer that sits on top of skin,sticky hard tapi blend formula doesn  really conceal any darkness for me just looks like an orange layer that sits on top of skin
94,beli moisturizer udah diplastikin dan tumpah tumpah jadi kaya disengaja kirim padahal tau kalau barangnya bocor emang sih ga ada video unboxing karna udah berkali kali beli belum pernah kejadian aneh kaya gini kecewa yaa thank you udah cukup berarti order disini,beli moisturizer sudah diplastikin dan tumpah tumpah jadi kayak disengaja kirim padahal tau kalau barangnya bocor memang sih enggak ada video unboxing karena sudah berkali kali beli belum pernah kejadian aneh kayak begini kecewa ya thank you sudah cukup berarti order disini
95,lipstick kering terasa berat saat dipakai,lipstick kering terasa berat saat dipakai
96,kirim dengan kurir rekomendasi tokopedia lama banget sekarang beda dengan si oren dan si yang lebih cepat,kirim dengan kurir rekomendasi tokopedia lama banget sekarang beda dengan sih oren dan sih yang lebih cepat
97,yg diterima sudah kering banget jadi tidak bisa dipakai ya hp sy sangat jadul jd tidak bisa lampirkan foto bukti di sini cs nya wa ber hari berulang kali sangat ribet merepotkan sy minta penjelasan berulang minta foto minta video pada akhirnya uang sy tidak pernah dikembalikan tidak baik ya dagang cara begitu padahal produknya benar kering kerontang tak bisa di blend krn titik ujung sticknya langsung nempel melekat kering di bawah mata rese bener dealing with such assholes,yang diterima sudah kering banget jadi tidak bisa dipakai ya hp saya sangat jadul jadi tidak bisa lampirkan foto bukti di sini customer service nya wa ber hari berulang kali sangat ribet merepotkan saya meminta penjelasan berulang meminta foto meminta video pada akhirnya uang saya tidak pernah dikembalikan tidak baik ya dagang cara begitu padahal produknya benar kering kerontang tak bisa di blend karena titik ujung sticknya langsung menempel melekat kering di bawah mata rese benar dealing with such assholes
98,kemasan nya bocor dibawah bedak nya keluar keluar saya minta return kalau memang mau bertanggung jawab,kemasan nya bocor dibawah bedak nya keluar keluar saya meminta return kalau memang mau bertanggung jawab
99,scam isinya sunscreen semua pdhl deskripsinya basic skincare wkaoakaowowoowakak,scam isinya sunscreen semua padahal deskripsinya basic skincare wkaoakaowowoowakak
100,dipakai pagi hari malam pakai cream malam belum sebulan kulit kasar terkelupas dan perih baru ini saya beli cream wajah kulit jadi malah bermasalah,dipakai pagi hari malam pakai cream malam belum sebulan kulit kasar terkelupas dan perih baru ini saya beli cream wajah kulit jadi malah bermasalah
101,saya pakai belum sebulan untuk malam dan pagi pakai cream pagi kulit jadi kasar terkelupas dan perih gak tahu yg menyebabkan cream pagi atau cream malam hati kalau beli coba di tangan dulu jangan langsung ke wajah,saya pakai belum sebulan untuk malam dan pagi pakai cream pagi kulit jadi kasar terkelupas dan perih enggak tahu yang menyebabkan cream pagi atau cream malam hati kalau beli coba di tangan dulu jangan langsung ke wajah
102,isi seuprit ngeliat diskon dari rb bikin tertarik tp zonkk,isi sedikit melihat diskon dari ribu bikin tertarik tapi zonkk
103,nilai sendiri,nilai sendiri
104,udah langganan somethinc lama habis checkout bundle buy get free silk creme ternyata yg dikirim hanya serum bonus nggak dikirim dgn alasan karena dilayani tokopedia pdhl itu otomatis  bisa pilih and trus order serum lagi berharap kekurangannya bisa dikirim kecewa banget kalo nggak bisa dikirim semoga bisa,sudah langganan somethinc lama habis checkout bundle buy get free silk creme ternyata yang dikirim hanya serum bonus enggak dikirim dengan alasan karena dilayani tokopedia padahal itu otomatis  bisa pilih and terus order serum lagi berharap kekurangannya bisa dikirim kecewa banget kalo enggak bisa dikirim semoga bisa
105,kayanya udh tau bocor tetap dikirim karena diplastikin,kayanya sudah tau bocor tetap dikirim karena diplastikin
106,baru sehari pake udah patah,baru sehari pakai sudah patah
107,kemasan tidak aman semua produk kekuar dr packagingnya mau retur ribet bgt syaratnya knp gak langsung kirim baru aja sih nunggunya lama bgt udah jelas barang rusak emang mau di repacking lg gitu kalo di retur,kemasan tidak aman semua produk kekuar dari packagingnya mau retur ribet banget syaratnya kenapa enggak langsung kirim baru saja sih nunggunya lama banget sudah jelas barang rusak memang mau di repacking lagi begitu kalo di retur
108,ditulisan dikasih give nyatanya ngak ada nyesel mending beli yang  aja,ditulisan dikasih give nyatanya enggak ada menyesal mending beli yang  saja
109,ini kepencet saya puas kok dengan produknya,ini kepencet saya puas kok dengan produknya
110,ini pertama kali sih biasanya aku selalu star udh langganan juga anehnya skrg produk dateng dengan keadaan penyok kak lumerrr terus ga dikasih bonus lg maaf yah cuman review apa adanya aja tanpa niat buruk apapun,ini pertama kali sih biasanya aku selalu star sudah langganan juga anehnya sekarang produk datang dengan keadaan penyok kak lumerrr terus enggak dikasih bonus lagi maaf ya cuman review apa adanya saja tanpa niat buruk apapun
111,niatnya saya beli ini satu tp kepencer sm hyaluronic serum satu begitu sy sadar sy minta tolong sm admin niacinamide yg satunya diganti hyaluronic serum saja jd hyaluronic serumnya niacinamidenya satu kebetulan harganya sama mengingat sy baru pertama kali mencoba niacinamide jd takut ga cocok tp sy sangat kecewa masa cm tukar barang dgn harga yg sama tdk bisa padahal status lbarang baru diproses keterlaluan sekali dan ga punya hati ironisnya penjual kaya ga melindungi konsumen sdh jelas sy bilang baru mau coba niacinamide masa sampai beli botol ukuran besar hrsnya malah menyarankan coba dulu barangkali ga cocok dgn kulitnya dong,niatnya saya beli ini satu tapi kepencer sama hyaluronic serum satu begitu saya sadar saya meminta tolong sama admin niacinamide yang satunya diganti hyaluronic serum saja jadi hyaluronic serumnya niacinamidenya satu kebetulan harganya sama mengingat saya baru pertama kali mencoba niacinamide jadi takut enggak cocok tapi saya sangat kecewa masa cuma tukar barang dengan harga yang sama tidak bisa padahal status lbarang baru diproses keterlaluan sekali dan enggak punya hati ironisnya penjual kayak enggak melindungi konsumen sudah jelas saya bilang baru mau coba niacinamide masa sampai beli botol ukuran besar harusnya malah menyarankan coba dulu barangkali enggak cocok dengan kulitnya dong
112,teroksidasi,teroksidasi
113,kurir tidak profesional tidak bekerja sesuai sop sebagai kurir ekspedisi nelpon saya malah ngatain saya dll,kurir tidak profesional tidak bekerja sesuai sop sebagai kurir ekspedisi nelpon saya malah mengatai saya dll
114,rir tidak profesional tidak bekerja sesuai sop sebagai kurir ekspedisi nelpon saya malah ngatain saya dll,rir tidak profesional tidak bekerja sesuai sop sebagai kurir ekspedisi nelpon saya malah mengatai saya dll
115,sudah nungguin lama endingnya refund saya mau barang saya yg sampe karena emng lagi butuh barangnya kecewa,sudah menunggu lama endingnya refund saya mau barang saya yang sampai karena memang lagi butuh barangnya kecewa
116,kemasan bocor isinya keluar semua,kemasan bocor isinya keluar semua
117,ternyata judul barang dan pilihan warna gak sesuai menipu pembeli dgn memberikan pilihan warna tp taunya udah ditetapin di judul produk,ternyata judul barang dan pilihan warna enggak sesuai menipu pembeli dengan memberikan pilihan warna tapi taunya sudah ditetapin di judul produk
118,pecah dijalan,pecah dijalan
119,barang tumpah pdhl kemasan rapih ada bubble rapping terlihat dr luar rapih smpe saya tdk unboxing dikarenakan sudah sering beli rapih bersegel kmrn beli tanpa segel penjual kekeuh barangnya tdk masalah masa iya karena rb saya komplen ongkir aja hadeuhhh baru kali ini beli bawellllll super duperrrr kecewa bgttt hrsnya ngomg lbih ramah,barang tumpah padahal kemasan rapi ada bubble rapping terlihat dari luar rapi sampai saya tidak unboxing dikarenakan sudah sering beli rapi bersegel kemarin beli tanpa segel penjual kekeuh barangnya tidak masalah masa iya karena ribu saya komplen ongkir saja hadeuhhh baru kali ini beli bawellllll super duperrrr kecewa banget harusnya ngomg lebih ramah
120,penjual fast response tetapi tidak berpengaruh banyak tertulis resi diganti oleh penjual dan saat mengajukan komplain ke nomor tlp yg di berikan penjual tidak bisa krn no resi beda pengiriman super lambat dan saat dilacak ada beberapa hari barang tidak berpindah tempat tidak ada progress setelah sangaaaaattt lama akhirnya datang juga jauh dr waktu estimasi yg terus berganti mundur  ya ampun yg datang barangnya berbeda bukan yg di pesan semoga ke depannya akan baik,penjual fast response tetapi tidak berpengaruh banyak tertulis resi diganti oleh penjual dan saat mengajukan komplain ke nomor telepon yang di berikan penjual tidak bisa karena no resi beda pengiriman super lambat dan saat dilacak ada beberapa hari barang tidak berpindah tempat tidak ada progress setelah sangaaaaattt lama akhirnya datang juga jauh dari waktu estimasi yang terus berganti mundur  ya ampun yang datang barangnya berbeda bukan yang di pesan semoga ke depannya akan baik
121,barang gak dikirim alasannya rusak tapi seller gak kasih info dibiarkan aja pesanan saya,barang enggak dikirim alasannya rusak tapi seller enggak kasih info dibiarkan saja pesanan saya
122,seller utk klik konfirm aja butuh hr proses hr cm pesen barang aja hr prosesnya sampe rumah jd hr  seller lain hr itu ud sampe rumah barangnya bwt hadiah ultah sampe ga keburu lewat tanggalnya,seller untuk klik konfirmasi saja butuh hari proses hari cuma pesan barang saja hari prosesnya sampai rumah jadi hari  seller lain hari itu sudah sampai rumah barangnya buat hadiah ultah sampai enggak keburu lewat tanggalnya
123,ga worth it dngn harganya kecil bgt kl bgs brgnya ntr diganti reviewnya,enggak worth itu dngn harganya kecil banget kalo bagus brgnya entar diganti reviewnya
124,paket tidak terima sama sekali tetapi sudah bilang diterima,paket tidak terima sama sekali tetapi sudah bilang diterima
125,barang bagus ketika sampai walaupun kotak kerdus palette sudah sobek kecil ya tidak jd masalah warna palette juga cantik yg jadi masalah expired datenya bulan september ya kali tiap hari pake eyeshadow terus sebelum september sdh habis dan biasanya dari tgl produksi th jd klo ini bikin iritasi di mata bagaimana tidak dijelaskan sama sekali klo ini expired datenya sdh dekat sangat kecewa siih krn biasa pakai produk somethinc ternyata msh bisa kena prank sama produk yg expirednya tahun ini,barang bagus ketika sampai walaupun kotak kerdus palette sudah sobek kecil ya tidak jadi masalah warna palette juga cantik yang jadi masalah expired datenya bulan september ya kali tiap hari pakai eyeshadow terus sebelum september sudah habis dan biasanya dari tanggal produksi tahu jadi kalo ini bikin iritasi di mata bagaimana tidak dijelaskan sama sekali kalo ini expired datenya sudah dekat sangat kecewa sih karena biasa pakai produk somethinc ternyata masih bisa kena prank sama produk yang expirednya tahun ini
126,tidak sesuai dgn promo katanya bg ternyata hanya bhs promo ketika complain baru dksh tau tdk berlaku kelipatan masak official bahasa promonya spt itu menyesal beli,tidak sesuai dengan promo katanya bang ternyata hanya bahasa promo ketika complain baru dksh tau tidak berlaku kelipatan masak official bahasa promonya seperti itu menyesal beli
127,tidak sesuai promo,tidak sesuai promo
128,barang tidak saya terima sama sekali,barang tidak saya terima sama sekali
129,penjualnya bagus jeda hari langsung di kirim kurirnya ampas udh mau minggu baru sampe,penjualnya bagus jeda hari langsung di kirim kurirnya ampas sudah mau minggu baru sampai
130,penipu,penipu
131,tidak solutif jawaban standar dan tidak memperhatikan prioritas kepada customer existing membuat pingin pindah ke merek lain,tidak solutif jawaban standar dan tidak memperhatikan prioritas kepada customer existing membuat pengin pindah ke merek lain
132, think the ordinary brand is better, think the ordinary brand is better
133,lain kali jangan suka bohong ya somethinc malu kan kamu diskusi di ruang tokopedia ketahuan bohongnya orang benar itu berani komplain di tokopedia bukan ngajak personal chat di   kalau sudah tau salah terima kesalahan jangan malah memfitnah orang,lain kali jangan suka bohong ya somethinc malu kan kamu diskusi di ruang tokopedia ketahuan bohongnya orang benar itu berani komplain di tokopedia bukan mengajak personal chat di   kalau sudah tau salah terima kesalahan jangan malah memfitnah orang
134,baru kali ini beli mystery box isinya lebih murah dari harga jualnya merasa dirugikan sih jujur sedih banget kalau setidaknya harganya sama masih oke lah ngerti sih mau untung tapi jangan jadi merugikan juga dong,baru kali ini beli mystery box isinya lebih murah dari harga jualnya merasa dirugikan sih jujur sedih banget kalau setidaknya harganya sama masih oke lah mengerti sih mau untung tapi jangan jadi merugikan juga dong
135,kecewa banget barangnya dateng tanpa diwrap alhasil bocor semua sampe isinya sisa setengah kardusnya basah dan botolnya lengket dari barang nya bocor,kecewa banget barangnya datang tanpa diwrap alhasil bocor semua sampai isinya sisa setengah kardusnya basah dan botolnya lengket dari barang nya bocor
136,salah alamt dan tidak bisa diubah alhasil item jadi donasi,salah alamt dan tidak bisa diubah alhasil item jadi donasi
137,katanya waterproof kena tissue aja keapus ga pernah cocok sama produknya somethinc facial washnya pun bau minyak tanah,katanya waterproof kena tissue saja keapus enggak pernah cocok sama produknya somethinc facial washnya pun bau minyak tanah
138,yang di tulis di deskripsi cuman serum nya yang mini size sunscreen nya ga di jelasin ukuranya kiraiin memang bakalan dapet size yang besaran ga tau nya pas dateng sunscreen nya mini size juga ya sudah lah dari puluhan products something yang aku udah purchase baru kali ini merasa kena jebakan marketing nya,yang di tulis di deskripsi cuman serum nya yang mini size sunscreen nya enggak di jelasin ukuranya kiraiin memang bakalan dapat size yang besaran enggak tau nya pas datang sunscreen nya mini size juga ya sudah lah dari puluhan products something yang aku sudah purchase baru kali ini merasa kena jebakan marketing nya
139,kecewa banget dapatnya tdk sebanding dgn harganya,kecewa banget dapatnya tidak sebanding dengan harganya
140,tidak sesuai sama deskripsi karena bilangnya yg mini hanya serum tapi ternyata nya sebesar kelingking saja,tidak sesuai sama deskripsi karena bilangnya yang mini hanya serum tapi ternyata nya sebesar kelingking saja
141,pengiriman lama trs kurir jntny marah pas pkai si serumny keluar ruam  gatal ku lanjutin muka ku makin menjadi beruntsan  timbul jrwt merah akhirny ngak sampai mnggu aku brhrnti,pengiriman lama terus kurir jntny marah pas pakai sih serumny keluar ruam  gatal ku lanjutkan muka ku makin menjadi beruntsan  timbul jrwt merah akhirny enggak sampai mnggu aku brhrnti
142,ujungnya kering jadi tidak bisa dipakai sama sekali,ujungnya kering jadi tidak bisa dipakai sama sekali
143,ga cocok dimuka pdhal byk yg review bagus makany beli tp uda tes bbrp  beneran ga cocok setelah pke bsk nya lgsg muncul jerawat kecil,enggak cocok dimuka padahal banyak yang review bagus makanya beli tapi sudah tes beberapa  benaran enggak cocok setelah pakai besok nya langsung muncul jerawat kecil
144,mana barang sy ga ada sy terima nipu apa gmn kalian,mana barang saya enggak ada saya terima nipu apa bagaimana kalian
145,sehabis pake toner gatal dan makin merah mukanya baru tau kalo ternyata kulit aku sensitif sebelumnya belum pernah skincare yg pake toner dll gini biasanya sabun cucimuka micellar water aja ga pernah kenapa   harus beli buat yg kulit sensitif mulai skrg skincarenya karna ternyata  kurang cocok di kulit sensitif serumnya lengket banget dimuka ga nyaman gitu pakenya apakah pakai serum memang seperti itu hasilnya ya atau itu serumnya jd begitu gara abis pake toner,sehabis pakai toner gatal dan makin merah mukanya baru tau kalo ternyata kulit aku sensitif sebelumnya belum pernah skincare yang pakai toner dll begini biasanya sabun cucimuka micellar water saja enggak pernah kenapa   harus beli buat yang kulit sensitif mulai sekarang skincarenya karena ternyata  kurang cocok di kulit sensitif serumnya lengket banget dimuka enggak nyaman begitu pakenya apakah pakai serum memang seperti itu hasilnya ya atau itu serumnya jadi begitu gara habis pakai toner
146,baru dibuka pencetannya udah rusak setelah bulan pemakaian ga ada perubahan sama sekali dan entah kenapa abis pake serum ini muka langsung keliatan kusam,baru dibuka pencetannya sudah rusak setelah bulan pemakaian enggak ada perubahan sama sekali dan entah kenapa habis pakai serum ini muka langsung kelihatan kusam
147,beli barang dikirimnya cuman doang jatohnya nipu sih ini udah di chat bilangnya sedang diinvestigasi di tunggu hampir seminggu gaada kabar ya ikhlasin aja hitung sedekah semoga gaada korban lg ya jujur kecewa,beli barang dikirimnya cuman doang jatohnya nipu sih ini sudah di chat bilangnya sedang diinvestigasi di tunggu hampir seminggu enggak ada kabar ya ikhlasin saja hitung sedekah semoga enggak ada korban lagi ya jujur kecewa
148,gacocok mukanya jd beruntusan dan kena air itu kaya yg mengandung silikon gtu,gacocok mukanya jadi beruntusan dan kena air itu kayak yang mengandung silikon begitu
149,bukan karena produk nya tpi pengirimannya lama minggu baru smpai kapok pake kurir anteraja,bukan karena produk nya tapi pengirimannya lama minggu baru sampai kapok pakai kurir anteraja
150,paketnya ilang,paketnya hilang
151,pengiriman lama bgt dan penjual tidak bertanggung jawab padahal ini pembelian yg kedua kali sangat mengecewakan,pengiriman lama banget dan penjual tidak bertanggung jawab padahal ini pembelian yang kedua kali sangat mengecewakan
152,barang produk tidak diterima,barang produk tidak diterima
153,bikin milia,bikin milia
154,di pilihan ada gratis sample tp pas di terima ga dapet,di pilihan ada gratis sample tapi pas di terima enggak dapat
155,pas sampe agak miring meaning ada patah pastinya pdhal  expect so much from this launch,pas sampai agak miring meaning ada patah pastinya padahal  expect so much from this launch
156,baru sampe sudah patah sampe ujung gak bisa dipake quality nya jelek konsepnya bagus tp kayanya ga bisa diterapkan buat cuaca indonesia yg panas,baru sampai sudah patah sampai ujung enggak bisa dipakai quality nya jelek konsepnya bagus tapi kayanya enggak bisa diterapkan buat cuaca indonesia yang panas
157,kurang suka tint product nya kaya lipstick yg arab yg warna ijo,kurang suka tint product nya kayak lipstick yang arab yang warna ijo
158,pengiriman lama tube juga bocor ternyata official store gak menjamin pengemasan aman nyesel order di toko ini ini utk pertma dan terakhir thank you mau refund males pst lama lg pengiriman gak rekomen,pengiriman lama tube juga bocor ternyata official store enggak menjamin pengemasan aman menyesal order di toko ini ini untuk pertama dan terakhir thank you mau refund malas pasti lama lagi pengiriman enggak rekomen
159,barang hilang di pengiriman,barang hilang di pengiriman
160,seller ga responsif pengemasan lama udah sengaja checkout dari jauh hari tapi karna adminnya lelet buat proses tetep aja ga keburu nyampe paketnya kecewa parah kalo mau beli di sini harus ikhlas barangnya dikirim seminggu kemudian,seller enggak responsif pengemasan lama sudah sengaja checkout dari jauh hari tapi karena adminnya lelet buat proses tetap saja enggak keburu sampai paketnya kecewa parah kalo mau beli di sini harus ikhlas barangnya dikirim seminggu kemudian
161,order nya salmon tapi yg dikirimin shades watermelon,order nya salmon tapi yang dikirimin shades watermelon
162,sorry saya edit packaging snan tp setelah saya buka kemasannya isinya seperti di foto kecewa banget psfshsl ini pembelian kedua,sorry saya edit packaging snan tapi setelah saya buka kemasannya isinya seperti di foto kecewa banget psfshsl ini pembelian kedua
163,lipsticknya dtg dlm kondisi rusak patah wlpn tidak menganggu fungsi tp jd ssh pas mau diaplikasi ke bibir krn sdh patah,lipsticknya datang dalam kondisi rusak patah wlpn tidak menganggu fungsi tapi jadi ssh pas mau diaplikasi ke bibir karena sudah patah
164,baru dibuka segelnya langsung pecah jadi hampir semua isinya tumpah mungkin kesalahan ada pada saya mungkin saat pengemasan atau mungkin pengiriman entahlah karna sebelum segel dibuka produk terlihat aman dan baik baik aja,baru dibuka segelnya langsung pecah jadi hampir semua isinya tumpah mungkin kesalahan ada pada saya mungkin saat pengemasan atau mungkin pengiriman entahlah karena sebelum segel dibuka produk terlihat aman dan baik baik saja
165,pumpnya rusak jadi saya harus tetes manual,pumpnya rusak jadi saya harus tetes manual
166,sampai skarang belum sampai padahal sudah check out dari tgl,sampai sekarang belum sampai padahal sudah check out dari tanggal
167,saya bingung mau kasih apa sebenarnya mau kaish bintang karna pengirimannya pakai anter aja harus dikomplain dulu baru sampai itu barangnya,saya bingung mau kasih apa sebenarnya mau kaish bintang karena pengirimannya pakai anter saja harus dikomplain dulu baru sampai itu barangnya
168,dipakai hari langsung keluar beruntusan ngga cocok hiks,dipakai hari langsung keluar beruntusan enggak cocok hiks
169,jangan tertipu gbr yg dikirim adalah stok lama dan tidak akan bisa ditukar sebelum membeli sy sdh membaca deskripsi produk dan penjual tdk menyebutkan akan dikirim stok lama hati meskipun official store hiks dpt stok lama,jangan tertipu gbr yang dikirim adalah stok lama dan tidak akan bisa ditukar sebelum membeli saya sudah membaca deskripsi produk dan penjual tidak menyebutkan akan dikirim stok lama hati meskipun official store hiks dapat stok lama
170,ga bermanfaat,enggak bermanfaat
171,bilang nya expired yg dateng oktober,bilang nya expired yang datang oktober
172,bonusnya  ada,bonusnya  ada
173,gak pigmented,enggak pigmented
174,cepet kering,cepat kering
175,produknya bagus asli tapi kerja sama kurirnya sama anteraja lama banget sampenya ke jkt bisa seminggu lebih,produknya bagus asli tapi kerja sama kurirnya sama anteraja lama banget sampai ke jakarta bisa seminggu lebih
176,pumpnya rusak tidak bisa berfungsi begitu ditekan langsung macet pumpnya,pumpnya rusak tidak bisa berfungsi begitu ditekan langsung macet pumpnya
177,habis pake gak bisa dibersihin packaging eyeliner kurang bagus tutup nya mudah lepas baru seminggu pake sdh rusak bocor bikin skincare lain jd kena hitam sdh sy buang tdk bisa difoto,habis pakai enggak bisa dibersihin packaging eyeliner kurang bagus tutup nya mudah lepas baru seminggu pakai sudah rusak bocor bikin skincare lain jadi kena hitam sudah saya buang tidak bisa difoto
178,beli krn bnyk yg review bagus tp di ak malah bikin kulit kering perih gatel,beli karena banyak yang review bagus tapi di aku malah bikin kulit kering perih gatel
179,brontok diwajah,brontok diwajah
180,mskipun status on proses ternyata tidak bs di tukar barangnya krn sy salah klik,mskipun status on proses ternyata tidak bisa di tukar barangnya karena saya salah klik
181,pengiriman agak lama,pengiriman agak lama
182,pas paketnya dateng ngga ada sponge kuningnya,pas paketnya datang enggak ada sponge kuningnya
183,bagus kok,bagus kok
184,udah gak sabar barang nya dateng eeeh pesen shade coco dikirimin nya charlotte gakbisa dipake bukan shade saya pdhl lumayan bayar produk ongkir hampir rb tp gbs dipake kecewa,sudah enggak sabar barang nya datang eeeh pesan shade coco dikirimin nya charlotte gakbisa dipakai bukan shade saya padahal lumayan bayar produk ongkir hampir ribu tapi enggak bisa dipakai kecewa
185,bikin whitecast dan abu abu  save ur money guys,bikin whitecast dan abu abu  save ur money guys
186,produk tidak bekerja dengan baik plusnya teksturnya aman walaupun di taro di suhu ruang dan beberapa kali kena sinar matahari tapi percuma kalo nanggung buat wax,produk tidak bekerja dengan baik plusnya teksturnya aman walaupun di taro di suhu ruang dan beberapa kali kena sinar matahari tapi percuma kalo nanggung buat wax
187,bohong hadiahnya ga ada,bohong hadiahnya enggak ada
188,penipuan bonus jelas saya co jam malam biar msh kedapatan bonus catokan pas sampai gaada bonusnya tb pakai alasan krn yg saya co variannya ga dpt catokan pdhl jelas saya lihat pakai mata sendiri klo di gambar variannya ada gbr free catokan jg cm skrg foto produk dr mereka ud diganti jd versi biasa dan saya ga ada kpikiran ss kmrin ya udah mau gmn intinya marketing palsu dan nipu ngecewain bgt,penipuan bonus jelas saya checkout jam malam biar masih kedapatan bonus catokan pas sampai enggak ada bonusnya tb pakai alasan karena yang saya checkout variannya enggak dapat catokan padahal jelas saya lihat pakai mata sendiri kalo di gambar variannya ada gbr free catokan juga cuma sekarang foto produk dari mereka sudah diganti jadi versi biasa dan saya enggak ada kpikiran ss kemarin ya sudah mau bagaimana intinya marketing palsu dan nipu ngecewain banget
189,warna moisturizernya kuning seharusnya putih susu tdk ada pertanggung jawaban pdhl untuk wajah,warna moisturizernya kuning seharusnya putih susu tidak ada pertanggung jawaban padahal untuk wajah
190,info dari oknum kurir sangat meresahkan ya bilang terima dari ybs tapi fotonya malah dinding rumah harusnya lebih telitinya oknum kurirnya makasih,info dari oknum kurir sangat meresahkan ya bilang terima dari ybs tapi fotonya malah dinding rumah harusnya lebih telitinya oknum kurirnya terima kasih
191,hadiahnya bohong,hadiahnya bohong
192,tutup botol tidak bisa dipencet nyangkut dan model tutulnya juga beda tidak seperti yg direview di youtube yg model pipet,tutup botol tidak bisa dipencet nyangkut dan model tutulnya juga beda tidak seperti yang direview di youtube yang model pipet
193,tidak waterproof  eyelid yg berminyak,tidak waterproof  eyelid yang berminyak
194,gokil sampenya hari padahal gue di jakarta pusat ribuan kali beli dari shopee juga cepet sampenye ini sampenye ampe hari piknik kemane dulu tuh  padahal mau di pake barangnye,gila sampai hari padahal gue di jakarta pusat ribuan kali beli dari shopee juga cepat sampenye ini sampenye sampai hari piknik kemane dulu tuh  padahal mau di pakai barangnye
195,produknya biasa saja tapi yg paling parah pelayanannya sangat tidak memuaskan tidak helpfull tidak customer oriented hati kalau belanja disini kesalahan sedikit saja bakal fatal,produknya biasa saja tapi yang paling parah pelayanannya sangat tidak memuaskan tidak helpfull tidak customer oriented hati kalau belanja disini kesalahan sedikit saja bakal fatal
196,katanya check out jam dapet lm taunya engga boohong banget buat yang mau check out jangan percaya ya,katanya check out jam dapat lama taunya enggak boohong banget buat yang mau check out jangan percaya ya
197,kecewa pesanan saya dibatalkan yang lain tidak akan pernah mau beli lagi terimakasih alasan saya beli di toko ini adalah karna harga dari pusat normal sedangkan beli di reseller harga melambung jauh sampe rb kecewa udh ganti produk eye care lain makasih saya beli tetapi dibatalkan sama somethinc jahat bgt pesannya pake usaha juga kalau tidak beli eye game changer ini di sini mau beli dmn lagi di stockist harganya beda rb rb makasih belum lagi kadang pre order sungguh kecewa saya beli di official mana pun bs beli banyak makasih,kecewa pesanan saya dibatalkan yang lain tidak akan pernah mau beli lagi terima kasih alasan saya beli di toko ini adalah karena harga dari pusat normal sedangkan beli di reseller harga melambung jauh sampai ribu kecewa sudah ganti produk eye care lain terima kasih saya beli tetapi dibatalkan sama somethinc jahat banget pesannya pakai usaha juga kalau tidak beli eye game changer ini di sini mau beli dimana lagi di stockist harganya beda ribu ribu terima kasih belum lagi kadang pre order sungguh kecewa saya beli di official mana pun bisa beli banyak terima kasih
198,agak ga suka sama teksturny dan baunya ga enak teksturnya kaya teralu padat bgt trs ga ad wangi kopi malah kaya bau basi gitu,agak enggak suka sama teksturny dan baunya enggak enak teksturnya kayak teralu padat banget terus enggak ada wangi kopi malah kayak bau basi begitu
199,saya gatau kenapa tpi setelah pakai ini bberapa kali kelopak mataku jdi kering perih dan iritasi lalu merah gasuka bgt sama produknya udh coba bahas sama seller tapi gadapet solusi kecewa,saya enggak tau kenapa tapi setelah pakai ini bberapa kali kelopak mataku jadi kering perih dan iritasi lalu merah gasuka banget sama produknya sudah coba bahas sama seller tapi gadapet solusi kecewa
200,deskripsi etalse tidak sesuai dengan barang yg dikirim tertulis dengan serum tapi ketika ditanya hanya untuk event tertentu baiknya diupdate dulu etalase produknya agar tidak ada miskom,deskripsi etalse tidak sesuai dengan barang yang dikirim tertulis dengan serum tapi ketika ditanya hanya untuk event tertentu baiknya diupdate dulu etalase produknya agar tidak ada miskom
201,labelnya rusak barcode rusak sehingga gak tahu sudah exp atau belum ini barang asli atau bukan sih kok semuanya dirusak,labelnya rusak barcode rusak sehingga enggak tahu sudah exp atau belum ini barang asli atau bukan sih kok semuanya dirusak
202,tekstur kek minyak kelapa sih baunya juga beda banget sama testernya,tekstur kayak minyak kelapa sih baunya juga beda banget sama testernya
203,gampang patah baru pakai minggu sudah abis,gampang patah baru pakai minggu sudah habis
204,bocor,bocor
205,dibilangnya free catokan pas dateng moisturizernya doang jadi bingung ini sebenernya dapat catokan apa hoax,dibilangnya free catokan pas datang moisturizernya doang jadi bingung ini sebenarnya dapat catokan apa hoax
206,suerr lama bgt nyampenya waktunya tgl ini dah lewat dr waktunya haduuh nyesel beli disini mending toko lain deh,suerr lama banget sampainya waktunya tanggal ini deh lewat dari waktunya haduuh menyesal beli disini mending toko lain deh
207,gk tau gimana ya tp patah isi dalemnya,enggak tau bagaimana ya tapi patah isi dalemnya
208,nyesel banget ga videoin karena terlalu percaya sm official shopnya somethinc dan udah bbrp kali beli ga pernah ada masalah ini kok bisanya puffnya hilang gini apa saya yg ketinggalan kalau dijual terpisah bukan refill lho saya belinya beli diofficial shop rasa dapet barang ,menyesal banget enggak videoin karena terlalu percaya sama official shopnya somethinc dan sudah beberapa kali beli enggak pernah ada masalah ini kok bisanya puffnya hilang begini apa saya yang ketinggalan kalau dijual terpisah bukan refill lho saya belinya beli diofficial shop rasa dapat barang 
209,kalau kosong harusnya confirmasi dulu ngga usah dikirim kan bisa balik uang barang tidak terpakai,kalau kosong harusnya confirmasi dulu enggak usah dikirim kan bisa balik uang barang tidak terpakai
210,agak kecewa karena mau tukar produk tapi gk bisa harusnya sih masih bisa walau udah sistem cashles jadi sayang kan gk kepake produknya hmmm,agak kecewa karena mau tukar produk tapi enggak bisa harusnya sih masih bisa walau sudah sistem cashles jadi sayang kan enggak terpakai produknya hmmm
211,gada isinya,enggak ada isinya
212,malah tmbh jerawatan,malah tambah jerawatan
213,tidak menerima sama sekali barang yang saya order dari somethinc official saya membeli barang tersebut kurang lebih minggu yang lalu,tidak menerima sama sekali barang yang saya order dari somethinc official saya membeli barang tersebut kurang lebih minggu yang lalu
214,free emas tapi gk ad,free emas tapi enggak ada
215,orderan saya sblmnya ada panel akan tetapi yg toner reset tdk ada tp terlanjur di checkout oleh adik saya sdh sy info ke wa cs tp blum ada respon hingga skrg,orderan saya sebelumnya ada panel akan tetapi yang toner reset tidak ada tapi terlanjur di checkout oleh adik saya sudah saya info ke wa customer service tapi belum ada respon hingga sekarang
216,gak lasting minum ilang,enggak lasting minum hilang
217,ga ada efeknya,enggak ada efeknya
218,barang yang saya pesan sampai hilang dan respon penjual lama untuk menangani soal ini kecewa sekali,barang yang saya pesan sampai hilang dan respon penjual lama untuk menangani soal ini kecewa sekali
219,dont bother using the same day shipping because seller has no sense of urgency bought the products friday morning asked politely for seller  help to ship within the same day using the chosen same day service ended up receiving the products wednesday the following week bet they re going to use  lame excuse to dodge responsibility now like blaming the courier or over flowed with orders etc,dont bother using the same day shipping because seller has no sense of urgency bought the products friday morning asked politely for seller  help tapi ship within the same day using the chosen same day service ended up receiving the products wednesday the following wig banget they re going tapi use  lame excuse tapi dodge responsibility now like blaming the courier orang over flowed with orders etc
220,tertulis promo free serum uda nanya ga dijawab setelah cekout trs chat lg baru dibilang ga free serum,tertulis promo free serum sudah bertanya enggak dijawab setelah cekout terus chat lagi baru dibilang enggak free serum
222,aplikatornya kenapa begini ya tidak bisa dipakai,aplikatornya kenapa begini ya tidak bisa dipakai
223,aneh yah yang kali ini beli barang sampai minggu pas baru sampai dari pesan barang padahal bbrp hari sebelumnya mah besokannya juga sampe shade warna sih cocok yah sama orang asia tapi tau deh tahan apa gak dan crack apa gak moga aja gak aneh dan gak napa,aneh ya yang kali ini beli barang sampai minggu pas baru sampai dari pesan barang padahal beberapa hari sebelumnya mah besokannya juga sampai shade warna sih cocok ya sama orang asia tapi tau deh tahan apa enggak dan crack apa enggak moga saja enggak aneh dan enggak kenapa
224,pilih opsi bundle tapi yg dikirim cuma produk kecewa banget,pilih opsi bundle tapi yang dikirim cuma produk kecewa banget
225,payah ga bs cancel alasannya aneh,payah enggak bisa cancel alasannya aneh
226,niat coba retinol dan tidak cocok dikulit saya kak  pemakaian langsung kering mengelupas sampai perih hari ke setelah lepas pemakaian masih perih kayak diguyur air panas tiap pake lotion lama baru kali ini ga cocok sebegininya huhu,niat coba retinol dan tidak cocok dikulit saya kak  pemakaian langsung kering mengelupas sampai perih hari ke setelah lepas pemakaian masih perih kayak diguyur air panas tiap pakai lotion lama baru kali ini enggak cocok sebegininya huhu
227,hati hati kalau mau beli yg dapet free tanyain lagi sama seller bakal dapet atau ngga aku beli disini tertera dapet free produk ternyata ga dapet ,hati hati kalau mau beli yang dapat free tanyakan lagi sama seller bakal dapat atau enggak aku beli disini tertera dapat free produk ternyata enggak dapat 
228,ini perasaan gue aja atau yang pouch refill emang seencer itu beneran encer banget dibanding yang pump dan berbau,ini perasaan gue saja atau yang pouch refill memang seencer itu benaran encer banget dibanding yang pump dan berbau
229,pelayanan pengiriman tidak sesuai dengan jadwal,pelayanan pengiriman tidak sesuai dengan jadwal
230,yg dateng doang toner serum sm sabun,yang datang doang toner serum sama sabun
231,bingung bgt bukan sekali aja loh beli somethinc smin savior ini formula nya ganti apa gmn sih biasa tuh gada warna bening dan gada bau ini udh putih susu bau chemicals kenceng bgt panas semuka yang ada admin online tp chat ga dibalas cuma template bot aja yg jawab ga menyelesaikan masalah,bingung banget bukan sekali saja loh beli somethinc smin savior ini formula nya ganti apa bagaimana sih biasa tuh enggak ada warna bening dan enggak ada bau ini sudah putih susu bau chemicals kencang banget panas semuka yang ada admin online tapi chat enggak dibalas cuma template bot saja yang jawab enggak menyelesaikan masalah
232,habis make ini muka ku jadi makin jerawatan gede lagi gatau mungkin ga cocok atau gimana,habis memakai ini muka ku jadi makin jerawatan gede lagi enggak tau mungkin enggak cocok atau bagaimana
233,tidak recommended untuk kulit berminyak karena memicu jerawat dan bruntusan,tidak recommended untuk kulit berminyak karena memicu jerawat dan bruntusan
234,pengirimannya lama bgt,pengirimannya lama banget
235,lama nyampe nya packing nya cm pake plastik untung brg nya gpp,lama sampai nya packing nya cuma pakai plastik untung barang nya enggak apa-apa
236,respon nya kurang bagus,respon nya kurang bagus
237,salah checkout baru aja  udh gabisa dibatalin,salah checkout baru saja  sudah enggak bisa dibatalin
238,sengaja belinya dipisah biar dapat sticker nyatanya sama aja gk dihiraukan catatan saya kecewa sihhh sama somethinc,sengaja belinya dipisah biar dapat sticker nyatanya sama saja enggak dihiraukan catatan saya kecewa sih sama somethinc
239,males  beli ini pengen coba sample serumnya  malah gk dpet sample serumnya,malas  beli ini pengin coba sample serumnya  malah enggak dpet sample serumnya
240,konsistensinya jadi berminyak setelah di gunakan warnanya kehijauan jadi membuat wajah white cast mudah belepotan di tutupnya terkesan kotor,konsistensinya jadi berminyak setelah di gunakan warnanya kehijauan jadi membuat wajah white cast mudah belepotan di tutupnya terkesan kotor
241,mintak surat msds aja susahnya,mintak surat msds saja susahnya
242,gak sesuai ekspektasi,enggak sesuai ekspektasi
243,parah ya padahal official store tp botol pipet cacat kyk gini dikasih ke pembeli baru kali ini beli di somethinc official store dpt botol pipet cacat gini padahal sebelumnya beli gk pernah seperti ini gini kan pipet nya jadi agak susah utk sedot serum nya normal nya kan kalau posisi botol tertutup pipet tidak muncul ke atas gitu dong tolong diperhatikan lagi deh kualitasnya kan ini juga bukan barang murah lho,parah ya padahal official store tapi botol pipet cacat kayak begini dikasih ke pembeli baru kali ini beli di somethinc official store dapat botol pipet cacat begini padahal sebelumnya beli enggak pernah seperti ini begini kan pipet nya jadi agak susah untuk sedot serum nya normal nya kan kalau posisi botol tertutup pipet tidak muncul ke atas begitu dong tolong diperhatikan lagi deh kualitasnya kan ini juga bukan barang murah lho
244,kecewa bngt puff nya rusakkkkkkkk,kecewa banget puff nya rusakkkkkkkk
245,voucher gak masuk kecewa,voucher enggak masuk kecewa
246,voucher saat diklaim bisa tapi setelah cekout hilang,voucher saat diklaim bisa tapi setelah cekout hilang
247,order dari tanggal sampe di tangan tanggal dong ya allah lama bgt,order dari tanggal sampai di tangan tanggal dong ya allah lama banget
248,barang nyaasar,barang nyaasar
249,gaada efek,enggak ada efek
250,pakai baru beberapa minggu ujung busanya jadi bau,pakai baru beberapa minggu ujung busanya jadi bau
251,pusing bgt gw udah habis botol masih aja jerawat munculnya bergantian ni produk aslinya ngaruh  sih,pusing banget gue sudah habis botol masih saja jerawat munculnya bergantian nih produk aslinya ngaruh  sih
252,barang hilang ntah kemana ush sebulan gk ada info kurir tokped dan seller sama sama tidak bertanggung jawab rugi saya barang gk ada tapi pesanan otomatis paksa selesai,barang hilang entah kemana usah sebulan enggak ada info kurir tokped dan seller sama sama tidak bertanggung jawab rugi saya barang enggak ada tapi pesanan otomatis paksa selesai
253,ga wort it sama harganya,enggak wort itu sama harganya
254,eyelinernya tintanya ok cm tutupnya gk bs rapat hbs  pemakaian sdh kering tinta jadinya gk bs dipake lagi hrs diperbaiki kemasannya supaya long lasting pemakaiannya,eyelinernya tintanya ok cuma tutupnya enggak bisa rapat habis  pemakaian sudah kering tinta jadinya enggak bisa dipakai lagi harus diperbaiki kemasannya supaya long lasting pemakaiannya
255,mohon maaf gratisan anti aging kit serumnya koq gak dikirim ya padahal pengen nyobain kecewa ihhh,mohon maaf gratisan anti aging kit serumnya kok enggak dikirim ya padahal pengin mencoba kecewa ih
256,kecewa bgt sih sma anteraja nya kalo ga gua hub cs anteraja nya blm tentu hari ini sampe gua minta tlong sma ni toko jga sama aja suruh nunggu pdhal  dah bilang suruh du bantu gmna ga org ampe hari ga gerak gliran di hub cs nya bru ada pergerakan pdhal  pesen barang tgl tgl aja udah nyampe pdhal sama pake anter aja udahh an nyampe di lempar pula pdhal rumah ada bell apalagi itu kan serumnya botolnya kaca mending nonaktifin aja jasa anterajanya yg di rugiin bukan pembelinya pasti penjual jadi kena imbas nya jga kan,kecewa banget sih sama anteraja nya kalo enggak gua hubungan customer service anteraja nya belum tentu hari ini sampai gua meminta tlong sama nih toko juga sama saja suruh menunggu padahal  deh bilang suruh du bantu bagaimana enggak orang sampai hari enggak gerak gliran di hubungan customer service nya baru ada pergerakan padahal  pesan barang tanggal tanggal saja sudah sampai padahal sama pakai anter saja sudah an sampai di lempar pula padahal rumah ada bell apalagi itu kan serumnya botolnya kaca mending nonaktifin saja jasa anterajanya yang di rugiin bukan pembelinya pasti penjual jadi kena imbas nya juga kan
257,barang tidak sesuai,barang tidak sesuai
258,aplikatornya rusak gabisa di pump jadi susah untuk di aplikasikan karna tidak cair jadi bingung lebih mudah model pump yang lama,aplikatornya rusak enggak bisa di pump jadi susah untuk di aplikasikan karena tidak cair jadi bingung lebih mudah model pump yang lama
259,pengiriman baru dilakukan hari setelah order super lambat responnya,pengiriman baru dilakukan hari setelah order super lambat responnya
260,pengiriman nya superrrr lamaaaa,pengiriman nya superrrr lama
261,order dari tanggal juni baru diproses di tanggal junu barang sampai ditanggal juli lama banget prosesnya,order dari tanggal juni baru diproses di tanggal junu barang sampai ditanggal juli lama banget prosesnya
262,pengiriman tidak tepat waktu,pengiriman tidak tepat waktu
263,pengirimannya standar tp proses menuju pengirimannya lama bgt,pengirimannya standar tapi proses menuju pengirimannya lama banget
264,respon nya lumayan cepet saya mau pinpon ulas buat jelly cleansernya ga mempan buat bersihin make up akhirnya balik ke pembersih ku yg lama,respon nya lumayan cepat saya mau pinpon ulas buat jelly cleansernya enggak mempan buat bersihin memakai up akhirnya balik ke pembersih ku yang lama
265,produk mungkin bagus tapi di kulit saya besok nya langsung bruntusan di pipi bawah kalo ada yg mau preloved boleh,produk mungkin bagus tapi di kulit saya besok nya langsung bruntusan di pipi bawah kalo ada yang mau preloved boleh
266,kata semua orang bagus tapi di saya bruntusan setelah dipake malam hari besok nya keluar jerawat kecil kecil terus jadi besar,kata semua orang bagus tapi di saya bruntusan setelah dipakai malam hari besok nya keluar jerawat kecil kecil terus jadi besar
267,alhamdulillah barangnya nyampe packing rapi hasil memuaskan,alhamdulillah barangnya sampai packing rapi hasil memuaskan
268,lama prosesnya,lama prosesnya
269,pesen yg limited di kasi yg biasa,pesan yang limited di kasih yang biasa
270,perih burning sensation setelah pemakaian seminggu rutin di pagi hari dan di malam hari kayaknya ga cocok untuk semua kulit dan mungkin membantu yg lain tp bukan aku,perih burning sensation setelah pemakaian seminggu rutin di pagi hari dan di malam hari kayaknya enggak cocok untuk semua kulit dan mungkin membantu yang lain tapi bukan aku
271,mohon maaf aku harus kasi bintang di produk ini karna setelah aku pakai wajahku jadi merah dan aku sdh hentikan pemakaian nya entah wajahku yg terlalu sensitif aku ngk ngerti untuk pengiriman pengemasan semua bagus banget,mohon maaf aku harus kasih bintang di produk ini karena setelah aku pakai wajahku jadi merah dan aku sudah hentikan pemakaian nya entah wajahku yang terlalu sensitif aku enggak mengerti untuk pengiriman pengemasan semua bagus banget
272,terlalu pekat  kulitku  sulit buanget meresap tp mgkn untuk yg lain hasilnya ok sepertinya ml besok nggak pakek pdhal yg biru  merah ok banget  kulitku,terlalu pekat  kulitku  sulit banget meresap tapi mungkin untuk yang lain hasilnya ok sepertinya ml besok enggak pakai padahal yang biru  merah ok banget  kulitku
273,kulit jadi memerah dan panas kadang,kulit jadi memerah dan panas kadang
274,krg cocok,kurang cocok
275,maaf kurang cocok,maaf kurang cocok
276,packing sangat rapi dan aman karena digulung dengan bubble wrap akan tetapi produknya sendiri sedikit mengecewakan karena muka akan sangat berminyak setelah diaplikasikan basically staynya hanya untuk packing dan shipping nya,packing sangat rapi dan aman karena digulung dengan bubble wrap akan tetapi produknya sendiri sedikit mengecewakan karena muka akan sangat berminyak setelah diaplikasikan basically staynya hanya untuk packing dan shipping nya
277,sudah kali pakai rentang waktu pekan belum terlihat hasilnya atau mungkin saya yang ga sabar fragrance nya kuat sedikit menyengat rasa tingling cukup kuat walaupun sdh bbrpa kali dipakai atau saya yang ga cocok,sudah kali pakai rentang waktu pekan belum terlihat hasilnya atau mungkin saya yang enggak sabar fragrance nya kuat sedikit menyengat rasa tingling cukup kuat walaupun sudah beberapa kali dipakai atau saya yang enggak cocok
278,waktu pengemasan super sabaaarrrrr,waktu pengemasan super sabaaarrrrr
279,produk tiba tanpa lecet tapi pengiriman leleeet,produk tiba tanpa lecet tapi pengiriman leleeet
280,barangnya bocor,barangnya bocor
281,produk bocor udh konfirmasi cs tp pelayanan sgt lama dan mengecewakan kalau tdk diingatkan mungkin bisa lebih dari minggu tanpa kabar,produk bocor sudah konfirmasi customer service tapi pelayanan sangat lama dan mengecewakan kalau tidak diingatkan mungkin bisa lebih dari minggu tanpa kabar
282,dear admin somethinc tolong kasih product knowledge di laman tokopedia dari barang ini misalnya reaksi umum yang timbul berapa lama biasanya cairan ini nunjukin hasilnya saya udah pakai hampir sebulan setiap hari buat ngilangin jerawat di dagu malah timbul jerawat di pelipis dahi katanya aman dipake  sehari tapi nyatanya kulit muka jadi kering banget purging,dear admin somethinc tolong kasih product knowledge di laman tokopedia dari barang ini misalnya reaksi umum yang timbul berapa lama biasanya cairan ini nunjukin hasilnya saya sudah pakai hampir sebulan setiap hari buat menghilangkan jerawat di dagu malah timbul jerawat di pelipis dahi katanya aman dipakai  sehari tapi nyatanya kulit muka jadi kering banget purging
283,isi nya tidak penuh kardus nya basah,isi nya tidak penuh kardus nya basah
284,tdk cocok dengan kulit ku,tidak cocok dengan kulit ku
285,it smells like rat piss  sg why do somethinc products smell weird  discontinue using them after  couple times cuz  cant stand the smell,itu smells like rat piss  sg why di somethinc products smell weird  discontinue using them after  couple times cuz  cant stand the smell
286,kecil bgt,kecil banget
287,sudah dipakai ternyata balm nya tidak bisa benar membersihkan make up mungkin hanya bisa membersihkan very light make up dan non waterproof beli ini karena kemakan iklan influencer this will be my last purchase of this product,sudah dipakai ternyata balm nya tidak bisa benar membersihkan memakai up mungkin hanya bisa membersihkan very light memakai up dan non waterproof beli ini karena termakan iklan influencer this will be my last purchase of this product
288,baru kali ini kecewa sama pengemasannya padahal sebelum sebelumnya nggak pernah kaya gini selalu aman barang diterima tumpah dan setelah dicek kurang rapat nutupnya lain kali di cek lagi biar ga bikin kecewa,baru kali ini kecewa sama pengemasannya padahal sebelum sebelumnya enggak pernah kayak begini selalu aman barang diterima tumpah dan setelah dicek kurang rapat nutupnya lain kali di cek lagi biar enggak bikin kecewa
289,honest review yahhh pertama packaging productnya bintang ini keren bgt konsepnya easy to carry everywhere easy touch up whenever we want pokoknya super praktis tapiiii sorry to say produknya kurang bagus minthinc perlu banyak development white cast parah bgt sampe kayak hantu aku baca review banyak juga yg blg hal itu berarti bukan skintone aku saja neutral light karena fungsi untuk touch up dia oke bgt oil control nya saking okenya bisa sampe kering nge crack kalo ga hati hati applynya  ini ide bagus tapi masih harus di improve yaaa aku luv bucin bgt sama somethinc semoga bisa ada perbaikan untuk produk iniii,honest review ya pertama packaging productnya bintang ini keren banget konsepnya easy tapi carry everywhere easy touch up whenever we want pokoknya super praktis tapiiii sorry tapi sayang produknya kurang bagus minthinc perlu banyak development white cast parah banget sampai kayak hantu aku baca review banyak juga yang bilang hal itu berarti bukan skintone aku saja neutral light karena fungsi untuk touch up dia oke banget oil control nya saking okenya bisa sampai kering nge crack kalo enggak hati hati applynya  ini ide bagus tapi masih harus di improve ya aku love bucin banget sama somethinc semoga bisa ada perbaikan untuk produk ini
290,biasanya rutin beli ini dan aman aja sekarang pakai kotak taunya tutup malah pecah jadi isinya bocor dan rembes,biasanya rutin beli ini dan aman saja sekarang pakai kotak taunya tutup malah pecah jadi isinya bocor dan rembes
291,flash sale nya tipu harga flash sale rb non flash sale rb,flash sale nya tipu harga flash sale ribu non flash sale ribu
292,ga kepake,enggak terpakai
293,bikin muka jadi kering,bikin muka jadi kering
294,pengiriman lama paket ditiitpkan tanpa wa ke pemilik paket shg sy baca sdh tiba ditujuan tp barang tdk ada yg terima,pengiriman lama paket ditiitpkan tanpa wa ke pemilik paket shg saya baca sudah tiba ditujuan tapi barang tidak ada yang terima
295,dipesan tanggal nyampe tanggal lama bgt,dipesan tanggal sampai tanggal lama banget
296,di kasih barang yg tutupnya pecah,di kasih barang yang tutupnya pecah
297,paketnya tidak bermasalah tapi barangnya didalam yg bermasalah setelah dibuka ternyata tutup botolnya pecah dan isi serumnya bocor,paketnya tidak bermasalah tapi barangnya didalam yang bermasalah setelah dibuka ternyata tutup botolnya pecah dan isi serumnya bocor
298,ga ngefek bikin kusam dan berjerawat,enggak ngefek bikin kusam dan berjerawat
299,biasa aj kualitas produknya tapi promonya cuma clickbait ud ke dua kalinya dpt promo tp bukan promo alasan hadiah terbatas kemarinnya harga flash sale tapi malah lebih mahal dr biasanya kapok  beli somethinc,biasa saja kualitas produknya tapi promonya cuma clickbait sudah ke dua kalinya dapat promo tapi bukan promo alasan hadiah terbatas kemarinnya harga flash sale tapi malah lebih mahal dari biasanya kapok  beli somethinc
300,promonya ga baik hanya iming alasannya hadiah habis,promonya enggak baik hanya iming alasannya hadiah habis
301,isinya dikit banget lembabnya juga ga tahan lama di bibir,isinya dikit banget lembabnya juga enggak tahan lama di bibir
302,not worth the hypeee masa langsung patah pas dicobain trus pas diraut malah nyangkut,not worth the hypeee masa langsung patah pas dicobain terus pas diraut malah nyangkut
303,baru dipake kali tutupnya udah begini masih berfungsi sih tapi nyebelin banget,baru dipakai kali tutupnya sudah begini masih berfungsi sih tapi menyebalkan banget
304,kalau produknya ok bagus banget tp kenapa ngasih bintang somethic pake kurir anteraja itu lama banget sampenya the worst please somethic gratis ongkirnya pake sicepat atau kurir lainnya wadahnya agak bocor makanya di tutup pump nya agak kuning masih bisa ditolerir tapi ga tau salah kurir atau qc nya,kalau produknya ok bagus banget tapi kenapa mengasih bintang somethic pakai kurir anteraja itu lama banget sampai the worst please somethic gratis ongkirnya pakai sicepat atau kurir lainnya wadahnya agak bocor makanya di tutup pump nya agak kuning masih bisa ditolerir tapi enggak tau salah kurir atau qc nya
305,belum dipakai tapi semoga cocok update ternyata tidak cocok dengan kulit saya sudah mencoba membiasakan menggunakan eye concentrate gel ini selama beberapa hari tapi selalu terasa perih sampai membekas perih nya di esok hari sayang produknya tidak bisa saya pakai lagi,belum dipakai tapi semoga cocok update ternyata tidak cocok dengan kulit saya sudah mencoba membiasakan menggunakan eye concentrate gel ini selama beberapa hari tapi selalu terasa perih sampai membekas perih nya di esok hari sayang produknya tidak bisa saya pakai lagi
306,tetap bruntusan dan tidak ada perubahan,tetap bruntusan dan tidak ada perubahan
307,toko ini tidak mendukung fitur plus jd harus bayar ongkir lagi,toko ini tidak mendukung fitur plus jadi harus bayar ongkir lagi
308,tumpahan pdhl msh di plastik tp udh kmana isinya spertinya ga lulus qc ttp dikirim,tumpahan padahal masih di plastik tapi sudah kemana isinya sepertinya enggak lulus qc tetap dikirim
309,udah beli  di somethinc pas beli lagi ternyata ganti packaging nya pas dibuka knapa ada kotor nya bgini kan jadi takut ga higienis,sudah beli  di somethinc pas beli lagi ternyata ganti packaging nya pas dibuka knapa ada kotor nya begini kan jadi takut enggak higienis
310,admin tidak ramah dan tidak membantu,admin tidak ramah dan tidak membantu
311,utk formula serumnya oke bgt tapi asli pipetnya jelek bgt yg ml ini susah ngambilnya atau produk yang gw terima defect ya terus botolnya jg ga transparan jd gatau deh itu isinya penuh atau engga,untuk formula serumnya oke banget tapi asli pipetnya jelek banget yang ml ini susah ngambilnya atau produk yang gue terima defect ya terus botolnya juga enggak transparan jadi enggak tau deh itu isinya penuh atau enggak
312,tidak sesuai promosinya ketika disemprotkan timbul bercak putih menggumpal pdhl sdh mengikuti petunjuk pemakaian akhirnya tidak terpakai,tidak sesuai promosinya ketika disemprotkan timbul bercak putih menggumpal padahal sudah mengikuti petunjuk pemakaian akhirnya tidak terpakai
313,mohon maaf ini baru pertama kali ngasih penilaian gini karena overall selama ini belanja di somethinc selalu puas cuman kali ini paketan bolong dan kyk bener dibolongin ampe buble wrap nya di dalam ada item yg hilang salah satunya ini kemungkinan krna kurirnya ga bertanggung jawab,mohon maaf ini baru pertama kali mengasih penilaian begini karena overall selama ini belanja di somethinc selalu puas cuman kali ini paketan bolong dan kayak benar dibolongin sampai buble wrap nya di dalam ada item yang hilang salah satunya ini kemungkinan karena kurirnya enggak bertanggung jawab
314,beli nya memang pas diskon tp dikemasan expired masih lama karena waterproof berniat mau coba dan liat ulasan jg lumayan bagus tp pas coba sendiri ini seperti lem kelopak mata lengket dan luntur padahal kerja di ruang ac sy kira dijalan kali tadi keringetan  coba hari kedua ketiga kali jg sama cuma tahan jam udah luntur nyiplak ke atas karna lengket terus serasa mau buka mata itu susah buat yg ngantuk cocok sih buat ganjel tp sy now gak pake lagi,beli nya memang pas diskon tapi dikemasan expired masih lama karena waterproof berniat mau coba dan lihat ulasan juga lumayan bagus tapi pas coba sendiri ini seperti lem kelopak mata lengket dan luntur padahal kerja di ruang ac saya kira dijalan kali tadi keringetan  coba hari kedua ketiga kali juga sama cuma tahan jam sudah luntur nyiplak ke atas karena lengket terus serasa mau buka mata itu susah buat yang ngantuk cocok sih buat ganjel tapi saya now enggak pakai lagi
315,ini jg kurang cocok tp ini jg tergantung sm tipe kulit,ini juga kurang cocok tapi ini juga tergantung sama tipe kulit
316,ini jg ga cocok di aku padahal udah berharap sm produk ini,ini juga enggak cocok di aku padahal sudah berharap sama produk ini
317,hmm katanya dpt gratisan nya pas beli dtgnya cuma barang tok beli pas kmrn pdhl,hmm katanya dapat gratisan nya pas beli dtgnya cuma barang tok beli pas kemarin padahal
318,revieuw jujur tutupnya ga kenceng hampir setengahnya bocor mohon diperhatikan ya krn sayang banget bubble wrap ya udh tebel tp nutupnya ga kenceng,revieuw jujur tutupnya enggak kencang hampir setengahnya bocor mohon diperhatikan ya karena sayang banget bubble wrap ya sudah tebal tapi nutupnya enggak kencang
319,pengiriman lumayan lama dan gak dapat free serum padahal di tulis free serum anti aging untuk packing nya bagus semoga cocok,pengiriman lumayan lama dan enggak dapat free serum padahal di tulis free serum anti aging untuk packing nya bagus semoga cocok
320,lengket di kulit di saya malah tambah jerawat konsul dengan somethinc akhirnya saya berhenti pake yang ini terus cuman pake yang resurrect multibiome serum terlampir foto sebelum sesudah malah nambah makin merah mungkin saja cocok di orang lain tapi ga di saya,lengket di kulit di saya malah tambah jerawat konsultasi dengan somethinc akhirnya saya berhenti pakai yang ini terus cuman pakai yang resurrect multibiome serum terlampir foto sebelum sesudah malah menambah makin merah mungkin saja cocok di orang lain tapi enggak di saya
321,monmaap nih ya kok bisa didalem plastik segel ada jmbut nya takut muka malah jadi hitam metalik,monmaap nih ya kok bisa didalem plastik segel ada jmbut nya takut muka malah jadi hitam metalik
322,bau serum nya agak unpleasant awalnya aku kira memang bau nya seperti itu tapi setelah tanya ke admin ig kayaknya pas sampai ternyata produk nya rusak gabisa dipakai please qc ur product before sending,bau serum nya agak unpleasant awalnya aku kira memang bau nya seperti itu tapi setelah tanya ke admin ig kayaknya pas sampai ternyata produk nya rusak enggak bisa dipakai please qc ur product before sending
323,kurang cocok ternyata buat kulit sensitif kayak aku baru pake kali pas malem paginya langsung bruntusan dan merah,kurang cocok ternyata buat kulit sensitif kayak aku baru pakai kali pas malam paginya langsung bruntusan dan merah
324,hari pemakaian malam aja tapi muka merah bgt dan iritasi tdk cocok sepertinya,hari pemakaian malam saja tapi muka merah banget dan iritasi tidak cocok sepertinya
325,pas sampai barang rusak,pas sampai barang rusak
326,slow respon dan proses pengiriman yang cukup lama dari saat pembayaran sudah terkonfirmasi untuk produknya sendiri bagus sich harap ke depannya lebih ditingkatkan lagi thank you,slow respon dan proses pengiriman yang cukup lama dari saat pembayaran sudah terkonfirmasi untuk produknya sendiri bagus sih harap ke depannya lebih ditingkatkan lagi thank you
327,eyeliner nya tutupnya gak bisa di tutup padahal warna nya bagus tapi pas dibuka gak bisa ditutup saya paksa nutup malah beleber jadi aku terpaksa tutup pake lem biar gak kering udah chat admin tapi blom di bales lagi,eyeliner nya tutupnya enggak bisa di tutup padahal warna nya bagus tapi pas dibuka enggak bisa ditutup saya paksa nutup malah beleber jadi aku terpaksa tutup pakai lem biar enggak kering sudah chat admin tapi belum di balas lagi
328,sunscreen gadungan ini samasekali gak ampuh buat yang kena paparan sinar matahari yang lama menit kalau kamu ciwi ciwi unyu yang bawa mobil anti kena matahari yang gak kuat kena sinar matahari lebih dari menit mungkin kamu cocok cocok aja tapi kalau kamu driver pejuang yang harus mengemudi di bawah matahari yang lama ini samasekali gak cocok padahal aku pakai dan reapply tiap jam dan lama lama akhirnya reapply tiap menit sekali tapi ujung ujungnya kulitku tetep sunburned parah mau bebas alkohol kek encapsulated uv filter kek hybrid sunscreen kek semua itu gak ngaruh,sunscreen gadungan ini samasekali enggak ampuh buat yang kena paparan sinar matahari yang lama menit kalau kamu ciwi ciwi unyu yang bawa mobil anti kena matahari yang enggak kuat kena sinar matahari lebih dari menit mungkin kamu cocok cocok saja tapi kalau kamu driver pejuang yang harus mengemudi di bawah matahari yang lama ini samasekali enggak cocok padahal aku pakai dan reapply tiap jam dan lama lama akhirnya reapply tiap menit sekali tapi ujung ujungnya kulitku tetap sunburned parah mau bebas alkohol kayak encapsulated uv filter kayak hybrid sunscreen kayak semua itu enggak ngaruh
329,tidak dapat bonus sunscreen padahal masih ada promo di iklannya dipersulit dgn hrus klik tombol bonus sehingga tidak tahu sudah dapat atau tidak bonusnya next lebih baik lagi,tidak dapat bonus sunscreen padahal masih ada promo di iklannya dipersulit dengan harus klik tombol bonus sehingga tidak tahu sudah dapat atau tidak bonusnya next lebih baik lagi
330,ada masalah pengiriman,ada masalah pengiriman
331,kok gak dapat free nya ya mbaknya lupa ngasih atau apa gerangan ya biasanya kalau beli ada free nya apa gitu pasti ada lho,kok enggak dapat free nya ya mbaknya lupa mengasih atau apa gerangan ya biasanya kalau beli ada free nya apa begitu pasti ada lho
332,barangnya baru mau dipakai baru ketahuan ternyata isinya yg bukan gak sesuai deskripsi kesel bgt,barangnya baru mau dipakai baru ketahuan ternyata isinya yang bukan enggak sesuai deskripsi kesel banget
333,prosesnya lama pdhl beli bukan harga promo,prosesnya lama padahal beli bukan harga promo
334,barang ok tapi pengiriman nya lama banget melebihi estimasi,barang ok tapi pengiriman nya lama banget melebihi estimasi
335,baru sadar kalau ga dapet kuas masker padahal yg lain dpt kuas masker saya jg beli ny dgn harga normal dan beli di toko resmi disini,baru sadar kalau enggak dapat kuas masker padahal yang lain dapat kuas masker saya juga beli nya dengan harga normal dan beli di toko resmi disini
336,product nya udah pasti bagus pengemasan lama sekali kayak order dari luar negeri padahal product lokal saya pesen tanggal okt baru sampe november padahal official store,product nya sudah pasti bagus pengemasan lama sekali kayak order dari luar negeri padahal product lokal saya pesan tanggal okt baru sampai november padahal official store
337,pengiriman lama bgt hari kemudian baru dikirim kalo emg gitu cara kerjanya ya dideskripsikan lah di kolom deskripsi produk jd transparan aja ke konsumen utk bisa saling mengerti,pengiriman lama banget hari kemudian baru dikirim kalo memang begitu cara kerjanya ya dideskripsikan lah di kolom deskripsi produk jadi transparan saja ke konsumen untuk bisa saling mengerti
338,pengiriman sangat lama tdk sesuai estimasi,pengiriman sangat lama tidak sesuai estimasi
339,pengiriman melebihi jangka waktu,pengiriman melebihi jangka waktu
340,tidak ngefek untuk jerawat malah makin parah,tidak ngefek untuk jerawat malah makin parah
341,ga cocok dan yg oil ny bau banget tolong lah  pikirkan kembali entah di kasi bau jeruk kek gtu jgn kaya bau apek,enggak cocok dan yang oil nya bau banget tolong lah  pikirkan kembali entah di kasih bau jeruk kayak begitu jangan kayak bau apek
342,maap ga kepake bruntusan,maaf enggak terpakai bruntusan
343,wajah makin keluar flek dan noda hitam,wajah makin keluar flek dan noda hitam
344,baru unboxing  malah bakuchiolnya tumoah banyak banget sampe nyerap ke bungkusnya dong lain kali oackingnya harus diupgrade lagi ya min biar kejadian merugikan ini gak terulang lagi,baru unboxing  malah bakuchiolnya tumoah banyak banget sampai nyerap ke bungkusnya dong lain kali oackingnya harus diupgrade lagi ya min biar kejadian merugikan ini enggak terulang lagi
345,brownya kok gak ada tulisannya paket sama brow,brownya kok enggak ada tulisannya paket sama brow
346,barang bagus bagus banget malah packing bagus pake bubblewarp yang bikin males adalah kurirnya tolong kasih opsi kurir lain selain jne  really hate jne so bad,barang bagus bagus banget malah packing bagus pakai bubblewarp yang bikin malas adalah kurirnya tolong kasih opsi kurir lain selain jne  really hate jne so bad
347,cushion dipake jam crack di daerah hidung bibir,cushion dipakai jam crack di daerah hidung bibir
348,lama bgt sampenya,lama banget sampai
349,tutup kemasan longgar seperti sdh dibuka krn ga ada segelnya juga isi jg tumpah dalam kardusnya,tutup kemasan longgar seperti sudah dibuka karena enggak ada segelnya juga isi juga tumpah dalam kardusnya
350,lumayan kecewa karena ini kan official store tapi barangnya salah kirim dan balesnya lama banget sampe keluarga yang saya bantuin beliin serum ini udah malas duluan,lumayan kecewa karena ini kan official store tapi barangnya salah kirim dan balesnya lama banget sampai keluarga yang saya bantuin belikan serum ini sudah malas duluan
351,secara produk dan packaging saya tidak memiliki masalah hanya saja kok adminnya perlu ditegur dan diingatkan kalau waktu batal otomatis tinggal jam baru barang pesanan saya dikirim do better next time somethinc good luck,secara produk dan packaging saya tidak memiliki masalah hanya saja kok adminnya perlu ditegur dan diingatkan kalau waktu batal otomatis tinggal jam baru barang pesanan saya dikirim di better next time somethinc good luck
352,jujur gak ngasih efek apa apa serumnya,jujur enggak mengasih efek apa apa serumnya
353,order  keduanys pengiriman nya sangat lama,order  keduanys pengiriman nya sangat lama
354,packaging kurang aman musim hujan seperti ini tidak dilapisi plastic jadinya rusak karena basah label susah dibaca kena air untung barangnya aman sesuai pesanan,packaging kurang aman musim hujan seperti ini tidak dilapisi plastic jadinya rusak karena basah label susah dibaca kena air untung barangnya aman sesuai pesanan
355,tokopedia skrg pengirimannya lambat,tokopedia sekarang pengirimannya lambat
356,tidak tahan lama dan baru dipake  makan lsg hilang ga stay on or transferproof spt yg di claim pas kering ada butiran lipstiknya jatuh,tidak tahan lama dan baru dipakai  makan langsung hilang enggak stay on orang transferproof seperti yang di claim pas kering ada butiran lipstiknya jatuh
