,Review,Review_norm,review_tokens
0,kecewa banget saya pesan yang free pouch tapi dikirimnya cotton pad kaget pas unboxing untung di videokan segera kabarin customer servicenya dan disuruh isi googleform untuk dikirimkan ulang pouchnya setelah hari nggak ada kabar akhirnya saya tanya lagi dan hanya dikabari kalau stock pouch ternyata sudah habis padahal baik baik dan sabar ikutin prosedur dari customer service karena masih berpikiran positif ternyata begini caranya ya,kecewa banget saya pesan yang free pouch tapi dikirimnya cotton pad kaget pas unboxing untung di videokan segera kabarin customer servicenya dan disuruh isi googleform untuk dikirimkan ulang pouchnya setelah hari enggak ada kabar akhirnya saya tanya lagi dan hanya dikabari kalau stock pouch ternyata sudah habis padahal baik baik dan sabar mengikuti prosedur dari customer service karena masih berpikiran positif ternyata begini caranya ya,"['kecewa', 'banget', 'saya', 'pesan', 'yang', 'free', 'pouch', 'tapi', 'dikirimnya', 'cotton', 'pad', 'kaget', 'pas', 'unboxing', 'untung', 'di', 'videokan', 'segera', 'kabarin', 'customer', 'servicenya', 'dan', 'disuruh', 'isi', 'googleform', 'untuk', 'dikirimkan', 'ulang', 'pouchnya', 'setelah', 'hari', 'enggak', 'ada', 'kabar', 'akhirnya', 'saya', 'tanya', 'lagi', 'dan', 'hanya', 'dikabari', 'kalau', 'stock', 'pouch', 'ternyata', 'sudah', 'habis', 'padahal', 'baik', 'baik', 'dan', 'sabar', 'mengikuti', 'prosedur', 'dari', 'customer', 'service', 'karena', 'masih', 'berpikiran', 'positif', 'ternyata', 'begini', 'caranya', 'ya']"
1,kali ini pengemasan tidak safe sepertinya tutup botol tidak kencang sehingga toner merembes keluar sampai dus basah saya memang tidak membuat video unboxing karna saya selalu mendapat produk dan packaging yg bagus dari avoskin saya kira dus basah karna hujan pas dibuka ternyata botol sudah kosong semoga mendapat tanggapan dari avoskin,kali ini pengemasan tidak safe sepertinya tutup botol tidak kencang sehingga toner merembes keluar sampai dus basah saya memang tidak membuat video unboxing karena saya selalu mendapat produk dan packaging yang bagus dari avoskin saya kira dus basah karena hujan pas dibuka ternyata botol sudah kosong semoga mendapat tanggapan dari avoskin,"['kali', 'ini', 'pengemasan', 'tidak', 'safe', 'sepertinya', 'tutup', 'botol', 'tidak', 'kencang', 'sehingga', 'toner', 'merembes', 'keluar', 'sampai', 'dus', 'basah', 'saya', 'memang', 'tidak', 'membuat', 'video', 'unboxing', 'karena', 'saya', 'selalu', 'mendapat', 'produk', 'dan', 'packaging', 'yang', 'bagus', 'dari', 'avoskin', 'saya', 'kira', 'dus', 'basah', 'karena', 'hujan', 'pas', 'dibuka', 'ternyata', 'botol', 'sudah', 'kosong', 'semoga', 'mendapat', 'tanggapan', 'dari', 'avoskin']"
2,paket datangnya barang sudah pecah dan sy return ke seller sudah ikuti komplain proses dan lain sebagainya tapi malah akhirnya tiba seakan akan pesanan selesai sy terima barang dan uangnya dilepas ke seller sy kecewa sekali dan jd agak trauma untuk beli barang ksini chat seller untuk nanyain brg ud diterima tp dijawab formalitas saja baru kali ini sy belanja brg tidak diterima tp uang tidak kembali mungkin uangnya ga seberapa cuman krn responsnya yg mengecewakan mohon improvement untuk selanjutnya thx,paket datangnya barang sudah pecah dan saya return ke seller sudah ikuti komplain proses dan lain sebagainya tapi malah akhirnya tiba seakan akan pesanan selesai saya terima barang dan uangnya dilepas ke seller saya kecewa sekali dan jadi agak trauma untuk beli barang kesini chat seller untuk nanyain barang sudah diterima tapi dijawab formalitas saja baru kali ini saya belanja barang tidak diterima tapi uang tidak kembali mungkin uangnya enggak seberapa cuman karena responsnya yang mengecewakan mohon improvement untuk selanjutnya thanks,"['paket', 'datangnya', 'barang', 'sudah', 'pecah', 'dan', 'saya', 'return', 'ke', 'seller', 'sudah', 'ikuti', 'komplain', 'proses', 'dan', 'lain', 'sebagainya', 'tapi', 'malah', 'akhirnya', 'tiba', 'seakan', 'akan', 'pesanan', 'selesai', 'saya', 'terima', 'barang', 'dan', 'uangnya', 'dilepas', 'ke', 'seller', 'saya', 'kecewa', 'sekali', 'dan', 'jadi', 'agak', 'trauma', 'untuk', 'beli', 'barang', 'kesini', 'chat', 'seller', 'untuk', 'nanyain', 'barang', 'sudah', 'diterima', 'tapi', 'dijawab', 'formalitas', 'saja', 'baru', 'kali', 'ini', 'saya', 'belanja', 'barang', 'tidak', 'diterima', 'tapi', 'uang', 'tidak', 'kembali', 'mungkin', 'uangnya', 'enggak', 'seberapa', 'cuman', 'karena', 'responsnya', 'yang', 'mengecewakan', 'mohon', 'improvement', 'untuk', 'selanjutnya', 'thanks']"
3,ga ada sabun nya ga sesuai deskripsi,enggak ada sabun nya enggak sesuai deskripsi,"['enggak', 'ada', 'sabun', 'nya', 'enggak', 'sesuai', 'deskripsi']"
4,ga sesuai harapan,enggak sesuai harapan,"['enggak', 'sesuai', 'harapan']"
5,nyesal beli disini,nyesal beli disini,"['nyesal', 'beli', 'disini']"
6,ga jelas,enggak jelas,"['enggak', 'jelas']"
7,kalau ga da free ny di infokan lagi jangan asal acc aja,kalau enggak dah free nya di infokan lagi jangan asal acc saja,"['kalau', 'enggak', 'dah', 'free', 'nya', 'di', 'infokan', 'lagi', 'jangan', 'asal', 'acc', 'saja']"
8,yang sebelumnya ada bekas jerawat malah jadi muncul di bagian yang ga pernah jerawat malah jadi jerawatan terus muncul bruntusan di beberapa bagian,yang sebelumnya ada bekas jerawat malah jadi muncul di bagian yang enggak pernah jerawat malah jadi jerawatan terus muncul bruntusan di beberapa bagian,"['yang', 'sebelumnya', 'ada', 'bekas', 'jerawat', 'malah', 'jadi', 'muncul', 'di', 'bagian', 'yang', 'enggak', 'pernah', 'jerawat', 'malah', 'jadi', 'jerawatan', 'terus', 'muncul', 'bruntusan', 'di', 'beberapa', 'bagian']"
9,cukup kecewa,cukup kecewa,"['cukup', 'kecewa']"
10,sayang banget,sayang banget,"['sayang', 'banget']"
11,mohon maaf tapi masih kurang,mohon maaf tapi masih kurang,"['mohon', 'maaf', 'tapi', 'masih', 'kurang']"
12,hasil pemakaian di apply biasa muncul whitecas di tap tap kok malah sperti itu ya,hasil pemakaian di apply biasa muncul whitecas di tapi tapi kok malah seperti itu ya,"['hasil', 'pemakaian', 'di', 'apply', 'biasa', 'muncul', 'whitecas', 'di', 'tapi', 'tapi', 'kok', 'malah', 'seperti', 'itu', 'ya']"
13,sejauh ini cukup mengecewakan,sejauh ini cukup mengecewakan,"['sejauh', 'ini', 'cukup', 'mengecewakan']"
14,isinya cuma angin doang,isinya cuma angin doang,"['isinya', 'cuma', 'angin', 'doang']"
15,udah di pencet ga keluar isinya,sudah di pencet enggak keluar isinya,"['sudah', 'di', 'pencet', 'enggak', 'keluar', 'isinya']"
16,khusus ss agak kecewa susah keluar heran kenapa ngga ada versi besarnya juga ss nya,khusus ss agak kecewa susah keluar heran kenapa enggak ada versi besarnya juga ss nya,"['khusus', 'ss', 'agak', 'kecewa', 'susah', 'keluar', 'heran', 'kenapa', 'enggak', 'ada', 'versi', 'besarnya', 'juga', 'ss', 'nya']"
17,minta cancel krn slah pesen gk mau cancel padahal bs balasin message inbox,meminta cancel karena salah pesan enggak mau cancel padahal bisa balasin message inbox,"['meminta', 'cancel', 'karena', 'salah', 'pesan', 'enggak', 'mau', 'cancel', 'padahal', 'bisa', 'balasin', 'message', 'inbox']"
18,kalau memang gabisa dicancel bilang aja gabisa admin jangan suruh nunggu batal otomatis taunya udah tinggal jam lg batal malah diproses konfirmasi sampe ke admin hasilnya ga dicancel malah dikirim kalau mau habisin stock ya blg aja gausah suruh nunggu lah apa lah service tidak professional padahal official store belanja di official store lain gapernah ribet masalah cancel hanya di avoskin saja yang baru kayak gini poor service,kalau memang enggak bisa dicancel bilang saja enggak bisa admin jangan suruh menunggu batal otomatis taunya sudah tinggal jam lagi batal malah diproses konfirmasi sampai ke admin hasilnya enggak dicancel malah dikirim kalau mau habisin stock ya bilang saja enggak usah suruh menunggu lah apa lah service tidak professional padahal official store belanja di official store lain enggak pernah ribet masalah cancel hanya di avoskin saja yang baru kayak begini poor service,"['kalau', 'memang', 'enggak', 'bisa', 'dicancel', 'bilang', 'saja', 'enggak', 'bisa', 'admin', 'jangan', 'suruh', 'menunggu', 'batal', 'otomatis', 'taunya', 'sudah', 'tinggal', 'jam', 'lagi', 'batal', 'malah', 'diproses', 'konfirmasi', 'sampai', 'ke', 'admin', 'hasilnya', 'enggak', 'dicancel', 'malah', 'dikirim', 'kalau', 'mau', 'habisin', 'stock', 'ya', 'bilang', 'saja', 'enggak', 'usah', 'suruh', 'menunggu', 'lah', 'apa', 'lah', 'service', 'tidak', 'professional', 'padahal', 'official', 'store', 'belanja', 'di', 'official', 'store', 'lain', 'enggak', 'pernah', 'ribet', 'masalah', 'cancel', 'hanya', 'di', 'avoskin', 'saja', 'yang', 'baru', 'kayak', 'begini', 'poor', 'service']"
19,dapat retinol sheet mask yg klau beli di seller lain cuma berkisar rb,dapat retinol sheet mask yang kalau beli di seller lain cuma berkisar ribu,"['dapat', 'retinol', 'sheet', 'mask', 'yang', 'kalau', 'beli', 'di', 'seller', 'lain', 'cuma', 'berkisar', 'ribu']"
20,sekelas avoskin yg hits kasi mystery box ke pembeli gini banget sheetmask beli di sebelah cuman rb tokopedia please saring lagi lah klo mau ajakin brand bikin mystery box brand lain lebih niat,sekelas avoskin yang hits kasih mystery box ke pembeli begini banget sheetmask beli di sebelah cuman ribu tokopedia please saring lagi lah kalo mau mengajak brand bikin mystery box brand lain lebih niat,"['sekelas', 'avoskin', 'yang', 'hits', 'kasih', 'mystery', 'box', 'ke', 'pembeli', 'begini', 'banget', 'sheetmask', 'beli', 'di', 'sebelah', 'cuman', 'ribu', 'tokopedia', 'please', 'saring', 'lagi', 'lah', 'kalo', 'mau', 'mengajak', 'brand', 'bikin', 'mystery', 'box', 'brand', 'lain', 'lebih', 'niat']"
21,kecewa banget pokoknya,kecewa banget pokoknya,"['kecewa', 'banget', 'pokoknya']"
22,kecewaaaaa pengiriman lama wajah jadi breakout gatau harus gimana lagi ga ngerti,kecewaaaaa pengiriman lama wajah jadi breakout enggak tau harus bagaimana lagi enggak mengerti,"['kecewaaaaa', 'pengiriman', 'lama', 'wajah', 'jadi', 'breakout', 'enggak', 'tau', 'harus', 'bagaimana', 'lagi', 'enggak', 'mengerti']"
23,muka lamgsung breakout pake avoskin ini udah pengiriman lama banget terus sekalinya pake malah bikin breakout,muka lamgsung breakout pakai avoskin ini sudah pengiriman lama banget terus sekalinya pakai malah bikin breakout,"['muka', 'lamgsung', 'breakout', 'pakai', 'avoskin', 'ini', 'sudah', 'pengiriman', 'lama', 'banget', 'terus', 'sekalinya', 'pakai', 'malah', 'bikin', 'breakout']"
24,selama belanja online paket ini paling lama nyampenya ternyata temen yang lain disini juga sama reviewnya semoga segera mungkin diperbaiki ya sistemnya,selama belanja online paket ini paling lama sampainya ternyata teman yang lain disini juga sama reviewnya semoga segera mungkin diperbaiki ya sistemnya,"['selama', 'belanja', 'online', 'paket', 'ini', 'paling', 'lama', 'sampainya', 'ternyata', 'teman', 'yang', 'lain', 'disini', 'juga', 'sama', 'reviewnya', 'semoga', 'segera', 'mungkin', 'diperbaiki', 'ya', 'sistemnya']"
25,tim avo salah kirim barang yg dikirim toner dengan harga rb karena sdg musim pandemi saya malas kirim balik barang toh ongkir juga saya yg tanggung pastinya kan saya juga akhirnya memutuskan untuk tetap beli serum ini saya pikir hal normal klo kesalahan penjual untuk selisih bayar bukan tanggung jawab pembeli dong ya saya pikir jg rb walaupun avo juga kasih voucher untuk pembelian senilai rb saya kasih kabar cs kalau saya sudah beli serum dan dipastikan jgn ada salah kirim lagi yg saya dapatkan adalah saya diminta bayar kekurangan ya ampun bukan masalah rb sih cuma pake logika aja kalian yg salah kalian yg bkn ribet kemudian apakah diperbolehkan saya tokopedia untuk trf ke rekening seller ya,tim avo salah kirim barang yang dikirim toner dengan harga ribu karena sedang musim pandemi saya malas kirim balik barang toh ongkir juga saya yang tanggung pastinya kan saya juga akhirnya memutuskan untuk tetap beli serum ini saya pikir hal normal kalo kesalahan penjual untuk selisih bayar bukan tanggung jawab pembeli dong ya saya pikir juga ribu walaupun avo juga kasih voucher untuk pembelian senilai ribu saya kasih kabar customer service kalau saya sudah beli serum dan dipastikan jangan ada salah kirim lagi yang saya dapatkan adalah saya diminta bayar kekurangan ya ampun bukan masalah ribu sih cuma pakai logika saja kalian yang salah kalian yang bukan ribet kemudian apakah diperbolehkan saya tokopedia untuk trf ke rekening seller ya,"['tim', 'avo', 'salah', 'kirim', 'barang', 'yang', 'dikirim', 'toner', 'dengan', 'harga', 'ribu', 'karena', 'sedang', 'musim', 'pandemi', 'saya', 'malas', 'kirim', 'balik', 'barang', 'toh', 'ongkir', 'juga', 'saya', 'yang', 'tanggung', 'pastinya', 'kan', 'saya', 'juga', 'akhirnya', 'memutuskan', 'untuk', 'tetap', 'beli', 'serum', 'ini', 'saya', 'pikir', 'hal', 'normal', 'kalo', 'kesalahan', 'penjual', 'untuk', 'selisih', 'bayar', 'bukan', 'tanggung', 'jawab', 'pembeli', 'dong', 'ya', 'saya', 'pikir', 'juga', 'ribu', 'walaupun', 'avo', 'juga', 'kasih', 'voucher', 'untuk', 'pembelian', 'senilai', 'ribu', 'saya', 'kasih', 'kabar', 'customer', 'service', 'kalau', 'saya', 'sudah', 'beli', 'serum', 'dan', 'dipastikan', 'jangan', 'ada', 'salah', 'kirim', 'lagi', 'yang', 'saya', 'dapatkan', 'adalah', 'saya', 'diminta', 'bayar', 'kekurangan', 'ya', 'ampun', 'bukan', 'masalah', 'ribu', 'sih', 'cuma', 'pakai', 'logika', 'saja', 'kalian', 'yang', 'salah', 'kalian', 'yang', 'bukan', 'ribet', 'kemudian', 'apakah', 'diperbolehkan', 'saya', 'tokopedia', 'untuk', 'trf', 'ke', 'rekening', 'seller', 'ya']"
26,kecewa,kecewa,['kecewa']
27,tokok tidak amanah pembohong gak sesuai ucapan jualan asal laku aja kecewa,tokok tidak amanah pembohong enggak sesuai ucapan jualan asal laku saja kecewa,"['tokok', 'tidak', 'amanah', 'pembohong', 'enggak', 'sesuai', 'ucapan', 'jualan', 'asal', 'laku', 'saja', 'kecewa']"
28,kecewa sama pembelian di toko ini saya dikirim barang rusak tapi tidak ada tanggubg jawab dan dipersulit liat deh serum nya mengkristal ga jelas gt dan tisp beli selalu aja isi produk di dalamnya berdebu,kecewa sama pembelian di toko ini saya dikirim barang rusak tapi tidak ada tanggubg jawab dan dipersulit lihat deh serum nya mengkristal enggak jelas begitu dan tisp beli selalu saja isi produk di dalamnya berdebu,"['kecewa', 'sama', 'pembelian', 'di', 'toko', 'ini', 'saya', 'dikirim', 'barang', 'rusak', 'tapi', 'tidak', 'ada', 'tanggubg', 'jawab', 'dan', 'dipersulit', 'lihat', 'deh', 'serum', 'nya', 'mengkristal', 'enggak', 'jelas', 'begitu', 'dan', 'tisp', 'beli', 'selalu', 'saja', 'isi', 'produk', 'di', 'dalamnya', 'berdebu']"
29,belum terlihat manfaatnya,belum terlihat manfaatnya,"['belum', 'terlihat', 'manfaatnya']"
30,suncreen spf isinya kosong ngak ngerti dengan qcnya,suncreen spf isinya kosong enggak mengerti dengan qcnya,"['suncreen', 'spf', 'isinya', 'kosong', 'enggak', 'mengerti', 'dengan', 'qcnya']"
31,dari awal menerima isi udah berkurang cukup bnyak kali prtama kecewa,dari awal menerima isi sudah berkurang cukup banyak kali prtama kecewa,"['dari', 'awal', 'menerima', 'isi', 'sudah', 'berkurang', 'cukup', 'banyak', 'kali', 'prtama', 'kecewa']"
32,gak ada isinya kecewa banget,enggak ada isinya kecewa banget,"['enggak', 'ada', 'isinya', 'kecewa', 'banget']"
33,bruntusan,bruntusan,['bruntusan']
34,ga cocok banget sm kulitku sedih bawah mata bengkak pdahal baru pake kali spertinya alergi sm bbrp bahan di dalamnya sayang banget,enggak cocok banget sama kulitku sedih bawah mata bengkak padahal baru pakai kali sepertinya alergi sama beberapa bahan di dalamnya sayang banget,"['enggak', 'cocok', 'banget', 'sama', 'kulitku', 'sedih', 'bawah', 'mata', 'bengkak', 'padahal', 'baru', 'pakai', 'kali', 'sepertinya', 'alergi', 'sama', 'beberapa', 'bahan', 'di', 'dalamnya', 'sayang', 'banget']"
35,aku pesen pcs toner essence  dikabari ekspedisi dusnya rembes air sedih padahal tonerku udh tiris jdinya kutolak paketnya ujungnya duit dibalikin huft bikin lama lagi di video yg dikirimin ekspedisi terlihat tonernya ini aman gak berkurang sama skali tp mau ga mau kubalikin nya,aku pesan pcs toner essence  dikabari ekspedisi dusnya rembes air sedih padahal tonerku sudah tiris jdinya kutolak paketnya ujungnya duit dibalikin huft bikin lama lagi di video yang dikirimin ekspedisi terlihat tonernya ini aman enggak berkurang sama sekali tapi mau enggak mau kubalikin nya,"['aku', 'pesan', 'pcs', 'toner', 'essence', 'dikabari', 'ekspedisi', 'dusnya', 'rembes', 'air', 'sedih', 'padahal', 'tonerku', 'sudah', 'tiris', 'jdinya', 'kutolak', 'paketnya', 'ujungnya', 'duit', 'dibalikin', 'huft', 'bikin', 'lama', 'lagi', 'di', 'video', 'yang', 'dikirimin', 'ekspedisi', 'terlihat', 'tonernya', 'ini', 'aman', 'enggak', 'berkurang', 'sama', 'sekali', 'tapi', 'mau', 'enggak', 'mau', 'kubalikin', 'nya']"
36,bocor paket basah sedih,bocor paket basah sedih,"['bocor', 'paket', 'basah', 'sedih']"
37,ga kebayang kalo sunscreen ml itu stlh dipencet isinya hampir ga ada maaf ya tapi mending ganti sku yg lbh banyak ml nya,enggak terbayang kalo sunscreen ml itu setelah dipencet isinya hampir enggak ada maaf ya tapi mending ganti sku yang lebih banyak ml nya,"['enggak', 'terbayang', 'kalo', 'sunscreen', 'ml', 'itu', 'setelah', 'dipencet', 'isinya', 'hampir', 'enggak', 'ada', 'maaf', 'ya', 'tapi', 'mending', 'ganti', 'sku', 'yang', 'lebih', 'banyak', 'ml', 'nya']"
38,udah pede ga akan ada masalah karena dari official store jadi pas buka ga divideo taunya ada satu yg atasnya udah sobek gitu dan tentunya semua essencenya kering sudah lesson learned jaman skrg memang semua paket harus video unboxing bahkan dari toko terpercaya sekalipun,sudah percaya diri enggak akan ada masalah karena dari official store jadi pas buka enggak divideo taunya ada satu yang atasnya sudah sobek begitu dan tentunya semua essencenya kering sudah lesson learned jaman sekarang memang semua paket harus video unboxing bahkan dari toko terpercaya sekalipun,"['sudah', 'percaya', 'diri', 'enggak', 'akan', 'ada', 'masalah', 'karena', 'dari', 'official', 'store', 'jadi', 'pas', 'buka', 'enggak', 'divideo', 'taunya', 'ada', 'satu', 'yang', 'atasnya', 'sudah', 'sobek', 'begitu', 'dan', 'tentunya', 'semua', 'essencenya', 'kering', 'sudah', 'lesson', 'learned', 'jaman', 'sekarang', 'memang', 'semua', 'paket', 'harus', 'video', 'unboxing', 'bahkan', 'dari', 'toko', 'terpercaya', 'sekalipun']"
39,hasilnya belom nampak udah minggu pemakaian,hasilnya belum menampak sudah minggu pemakaian,"['hasilnya', 'belum', 'menampak', 'sudah', 'minggu', 'pemakaian']"
40,segel plastik  sdh gk ada pas  buka krtas dlm  udh robek kek udh di unboxing,segel plastik  sudah enggak ada pas  buka krtas dalam  sudah robek kayak sudah di unboxing,"['segel', 'plastik', 'sudah', 'enggak', 'ada', 'pas', 'buka', 'krtas', 'dalam', 'sudah', 'robek', 'kayak', 'sudah', 'di', 'unboxing']"
41,tutup tidak rapat bocor sampai isinya habis proses komplain ribet sekali harus kirim balik kemasan kosongnya,tutup tidak rapat bocor sampai isinya habis proses komplain ribet sekali harus kirim balik kemasan kosongnya,"['tutup', 'tidak', 'rapat', 'bocor', 'sampai', 'isinya', 'habis', 'proses', 'komplain', 'ribet', 'sekali', 'harus', 'kirim', 'balik', 'kemasan', 'kosongnya']"
42,no review found,no review found,"['no', 'review', 'found']"
43,tidak diberikan bonus sesuai deskripsi,tidak diberikan bonus sesuai deskripsi,"['tidak', 'diberikan', 'bonus', 'sesuai', 'deskripsi']"
44,timbul banyak jerawat kecil,timbul banyak jerawat kecil,"['timbul', 'banyak', 'jerawat', 'kecil']"
45,gak cocok bikin gatal dan iritasi pas pemakaian minggu coba berhenti minggu trus pake lagi ternyata sama aja gatal dan iritasi jd breakout gitu,enggak cocok bikin gatal dan iritasi pas pemakaian minggu coba berhenti minggu terus pakai lagi ternyata sama saja gatal dan iritasi jadi breakout begitu,"['enggak', 'cocok', 'bikin', 'gatal', 'dan', 'iritasi', 'pas', 'pemakaian', 'minggu', 'coba', 'berhenti', 'minggu', 'terus', 'pakai', 'lagi', 'ternyata', 'sama', 'saja', 'gatal', 'dan', 'iritasi', 'jadi', 'breakout', 'begitu']"
46,kok bisa isinya kosong aduhhh,kok bisa isinya kosong aduh,"['kok', 'bisa', 'isinya', 'kosong', 'aduh']"
47,aku senang dapat pc nya yoongi tapi aku kecewa sama barangnya aku mau coba make sunscreennya udah aku pencet kok gak mau keluar ternyata isinya udah mau habis,aku senang dapat pc nya yoongi tapi aku kecewa sama barangnya aku mau coba memakai sunscreennya sudah aku pencet kok enggak mau keluar ternyata isinya sudah mau habis,"['aku', 'senang', 'dapat', 'pc', 'nya', 'yoongi', 'tapi', 'aku', 'kecewa', 'sama', 'barangnya', 'aku', 'mau', 'coba', 'memakai', 'sunscreennya', 'sudah', 'aku', 'pencet', 'kok', 'enggak', 'mau', 'keluar', 'ternyata', 'isinya', 'sudah', 'mau', 'habis']"
48,promonya serum toner tp dikirim duanya serum,promonya serum toner tapi dikirim duanya serum,"['promonya', 'serum', 'toner', 'tapi', 'dikirim', 'duanya', 'serum']"
49,saya sudah checkout yang ada free guasha tapi pas sampai guashanya tidak ada harusnya yang dapat guasha sesuai yang sudah checkout duluan bukan bayar duluan,saya sudah checkout yang ada free guasha tapi pas sampai guashanya tidak ada harusnya yang dapat guasha sesuai yang sudah checkout duluan bukan bayar duluan,"['saya', 'sudah', 'checkout', 'yang', 'ada', 'free', 'guasha', 'tapi', 'pas', 'sampai', 'guashanya', 'tidak', 'ada', 'harusnya', 'yang', 'dapat', 'guasha', 'sesuai', 'yang', 'sudah', 'checkout', 'duluan', 'bukan', 'bayar', 'duluan']"
50,sebenernya gue suka sama produk avoskin cuman kalo lagi butuh tu pas kita travelling sla eta estimasi pengiriman tu ngga sesuai mana ngga ada keterangan pengiriman barang  lagi sampe gue baca lagi tu diskripsi ngga ada juga keterangan barang dikirim  gue beli biasanya di copi sih tapi karena copi ngga bisa milih kurir akhir kesini lhaa malah lebih parah pas ngajuin komplain pun ngga ditanggepin barang tetep dikirim ketika ditanya jawaban mereka templated,sebenarnya gue suka sama produk avoskin cuman kalo lagi butuh itu pas kita travelling sla eta estimasi pengiriman itu enggak sesuai mana enggak ada keterangan pengiriman barang  lagi sampai gue baca lagi itu diskripsi enggak ada juga keterangan barang dikirim  gue beli biasanya di copi sih tapi karena copi enggak bisa memilih kurir akhir kesini lhaa malah lebih parah pas mengajukan komplain pun enggak ditanggepin barang tetap dikirim ketika ditanya jawaban mereka templated,"['sebenarnya', 'gue', 'suka', 'sama', 'produk', 'avoskin', 'cuman', 'kalo', 'lagi', 'butuh', 'itu', 'pas', 'kita', 'travelling', 'sla', 'eta', 'estimasi', 'pengiriman', 'itu', 'enggak', 'sesuai', 'mana', 'enggak', 'ada', 'keterangan', 'pengiriman', 'barang', 'lagi', 'sampai', 'gue', 'baca', 'lagi', 'itu', 'diskripsi', 'enggak', 'ada', 'juga', 'keterangan', 'barang', 'dikirim', 'gue', 'beli', 'biasanya', 'di', 'copi', 'sih', 'tapi', 'karena', 'copi', 'enggak', 'bisa', 'memilih', 'kurir', 'akhir', 'kesini', 'lhaa', 'malah', 'lebih', 'parah', 'pas', 'mengajukan', 'komplain', 'pun', 'enggak', 'ditanggepin', 'barang', 'tetap', 'dikirim', 'ketika', 'ditanya', 'jawaban', 'mereka', 'templated']"
51,lama nya minta ampunnnn,lama nya meminta ampun,"['lama', 'nya', 'meminta', 'ampun']"
52,barangnya gapernah sampe dari tanggal karna ilang kesalahan anteraja jadi gatau harus review apa,barangnya enggak pernah sampai dari tanggal karena hilang kesalahan anteraja jadi enggak tau harus review apa,"['barangnya', 'enggak', 'pernah', 'sampai', 'dari', 'tanggal', 'karena', 'hilang', 'kesalahan', 'anteraja', 'jadi', 'enggak', 'tau', 'harus', 'review', 'apa']"
53,beli ini beserta skin care yg lain nya tapitidak pernah menerima sheet mask ini complaint lama banget dan ujung ujung nya tidak bisa ditindak lanjuti kecewa banget,beli ini beserta skin care yang lain nya tapitidak pernah menerima sheet mask ini complaint lama banget dan ujung ujung nya tidak bisa ditindak lanjuti kecewa banget,"['beli', 'ini', 'beserta', 'skin', 'care', 'yang', 'lain', 'nya', 'tapitidak', 'pernah', 'menerima', 'sheet', 'mask', 'ini', 'complaint', 'lama', 'banget', 'dan', 'ujung', 'ujung', 'nya', 'tidak', 'bisa', 'ditindak', 'lanjuti', 'kecewa', 'banget']"
54,harusnya dpt free sesuai jam ordernya udah buru cekout biar ga habis pesenan  yg dtg cuma produk nya free nya ga dapat asli kecewa dan baru ngalamin yg ginian,harusnya dapat free sesuai jam ordernya sudah buru cekout biar enggak habis pesanan  yang datang cuma produk nya free nya enggak dapat asli kecewa dan baru ngalamin yang beginian,"['harusnya', 'dapat', 'free', 'sesuai', 'jam', 'ordernya', 'sudah', 'buru', 'cekout', 'biar', 'enggak', 'habis', 'pesanan', 'yang', 'datang', 'cuma', 'produk', 'nya', 'free', 'nya', 'enggak', 'dapat', 'asli', 'kecewa', 'dan', 'baru', 'ngalamin', 'yang', 'beginian']"
55,pengiriman lama seller salah kirim barang barang yg dikirim berlebih saya disuruh bungkus pake kardus dan bubble wrap terus saya dilempar dari satu cs ke cs yg lain dan terus menerus harus mengulang informasi yang sama mana saya punya kan saya gak jualan online habis itu di tanggal yg dijadwalkan dipick up barangnya gak dipick up padahal sudah whatsappan saya disuruh nungguin sampe gak keluar apartemen seharian malah gak dateng yg pick upnya sudah saya bilang besoknya saya ke luar kota  ditelpon terus sama anter aja disuruh kirim barangnya asap bad experience sekali sungguh mengecewakan,pengiriman lama seller salah kirim barang barang yang dikirim berlebih saya disuruh bungkus pakai kardus dan bubble wrap terus saya dilempar dari satu customer service ke customer service yang lain dan terus menerus harus mengulang informasi yang sama mana saya punya kan saya enggak jualan online habis itu di tanggal yang dijadwalkan dipick up barangnya enggak dipick up padahal sudah whatsappan saya disuruh menunggu sampai enggak keluar apartemen seharian malah enggak datang yang pick upnya sudah saya bilang besoknya saya ke luar kota  ditelpon terus sama anter saja disuruh kirim barangnya asap bad experience sekali sungguh mengecewakan,"['pengiriman', 'lama', 'seller', 'salah', 'kirim', 'barang', 'barang', 'yang', 'dikirim', 'berlebih', 'saya', 'disuruh', 'bungkus', 'pakai', 'kardus', 'dan', 'bubble', 'wrap', 'terus', 'saya', 'dilempar', 'dari', 'satu', 'customer', 'service', 'ke', 'customer', 'service', 'yang', 'lain', 'dan', 'terus', 'menerus', 'harus', 'mengulang', 'informasi', 'yang', 'sama', 'mana', 'saya', 'punya', 'kan', 'saya', 'enggak', 'jualan', 'online', 'habis', 'itu', 'di', 'tanggal', 'yang', 'dijadwalkan', 'dipick', 'up', 'barangnya', 'enggak', 'dipick', 'up', 'padahal', 'sudah', 'whatsappan', 'saya', 'disuruh', 'menunggu', 'sampai', 'enggak', 'keluar', 'apartemen', 'seharian', 'malah', 'enggak', 'datang', 'yang', 'pick', 'upnya', 'sudah', 'saya', 'bilang', 'besoknya', 'saya', 'ke', 'luar', 'kota', 'ditelpon', 'terus', 'sama', 'anter', 'saja', 'disuruh', 'kirim', 'barangnya', 'asap', 'bad', 'experience', 'sekali', 'sungguh', 'mengecewakan']"
56,paket sampe trnyata serumnya pecah dan packaging basah smua sampe kertas boxnya lepek dan berurai udh komplain kirim video ke chatbox disuruh kirim video ke email udah juga tp no respon udah lewat wa ga dk respon jg udh mau sminggu ga kelar ngurusinnya muter muter doang ngmgnya baru kali ini aku kecewa sama pelayanan avoskin,paket sampai ternyata serumnya pecah dan packaging basah semua sampai kertas boxnya lepek dan berurai sudah komplain kirim video ke chatbox disuruh kirim video ke email sudah juga tapi no respon sudah lewat wa enggak dk respon juga sudah mau sminggu enggak kelar ngurusinnya muter muter doang ngmgnya baru kali ini aku kecewa sama pelayanan avoskin,"['paket', 'sampai', 'ternyata', 'serumnya', 'pecah', 'dan', 'packaging', 'basah', 'semua', 'sampai', 'kertas', 'boxnya', 'lepek', 'dan', 'berurai', 'sudah', 'komplain', 'kirim', 'video', 'ke', 'chatbox', 'disuruh', 'kirim', 'video', 'ke', 'email', 'sudah', 'juga', 'tapi', 'no', 'respon', 'sudah', 'lewat', 'wa', 'enggak', 'dk', 'respon', 'juga', 'sudah', 'mau', 'sminggu', 'enggak', 'kelar', 'ngurusinnya', 'muter', 'muter', 'doang', 'ngmgnya', 'baru', 'kali', 'ini', 'aku', 'kecewa', 'sama', 'pelayanan', 'avoskin']"
57,sudah nunggu nya lama sampai hari lalu produk yang dikirim tidak sesuai mau ajuin komplain tp males ngebayangin mesti nunggu seminggu lagi kasih bintang aja,sudah menunggu nya lama sampai hari lalu produk yang dikirim tidak sesuai mau ajuin komplain tapi malas ngebayangin mesti menunggu seminggu lagi kasih bintang saja,"['sudah', 'menunggu', 'nya', 'lama', 'sampai', 'hari', 'lalu', 'produk', 'yang', 'dikirim', 'tidak', 'sesuai', 'mau', 'ajuin', 'komplain', 'tapi', 'malas', 'ngebayangin', 'mesti', 'menunggu', 'seminggu', 'lagi', 'kasih', 'bintang', 'saja']"
58,setau saya saya beli avoskin basic skit set yg seharusnya isinya dua night cream dua day cream benar kenapa yg datang cuma satu set satu set harga saya beli dua set saya bayar,setau saya saya beli avoskin basic sakit set yang seharusnya isinya dua night cream dua day cream benar kenapa yang datang cuma satu set satu set harga saya beli dua set saya bayar,"['setau', 'saya', 'saya', 'beli', 'avoskin', 'basic', 'sakit', 'set', 'yang', 'seharusnya', 'isinya', 'dua', 'night', 'cream', 'dua', 'day', 'cream', 'benar', 'kenapa', 'yang', 'datang', 'cuma', 'satu', 'set', 'satu', 'set', 'harga', 'saya', 'beli', 'dua', 'set', 'saya', 'bayar']"
59,kecewa pengiriman lama produk yang datang tidak sesuai pesanan yg dibeli hari nunggu pengiriman barang datang malah tidak sesuai,kecewa pengiriman lama produk yang datang tidak sesuai pesanan yang dibeli hari menunggu pengiriman barang datang malah tidak sesuai,"['kecewa', 'pengiriman', 'lama', 'produk', 'yang', 'datang', 'tidak', 'sesuai', 'pesanan', 'yang', 'dibeli', 'hari', 'menunggu', 'pengiriman', 'barang', 'datang', 'malah', 'tidak', 'sesuai']"
60,hai kak admin saya sudah kirim komplain karena isi hydrating treatmen essence nya bocor dan tumpah semua tpi sampai tgl agustus tidak ada pengembalian dana atau penukaran barang bagaimana ini yaa,hai kak admin saya sudah kirim komplain karena isi hydrating treatmen essence nya bocor dan tumpah semua tapi sampai tanggal agustus tidak ada pengembalian dana atau penukaran barang bagaimana ini ya,"['hai', 'kak', 'admin', 'saya', 'sudah', 'kirim', 'komplain', 'karena', 'isi', 'hydrating', 'treatmen', 'essence', 'nya', 'bocor', 'dan', 'tumpah', 'semua', 'tapi', 'sampai', 'tanggal', 'agustus', 'tidak', 'ada', 'pengembalian', 'dana', 'atau', 'penukaran', 'barang', 'bagaimana', 'ini', 'ya']"
61,produknya gabisa dikeluarin udh dipencet gimanapun tetep gabisa keluar jd tutupnya harus di buka manual,produknya enggak bisa dikeluarin sudah dipencet gimanapun tetap enggak bisa keluar jadi tutupnya harus di buka manual,"['produknya', 'enggak', 'bisa', 'dikeluarin', 'sudah', 'dipencet', 'gimanapun', 'tetap', 'enggak', 'bisa', 'keluar', 'jadi', 'tutupnya', 'harus', 'di', 'buka', 'manual']"
62,seperti barang lama ada belingnya gt saya komplain di instagram katanya wajar kl produknya meng kristal pdhl saya udh repurchase ini  baru ini yang meng kristal toko mau tanggung jwb retur barang tp saya repot hrs ke ekspedisi pd saat pandemi dan ongkir gosend tdk di tanggung saya kecewa bgt kayanya ini terakhir saya pakai avoskin bye bye avoskin,seperti barang lama ada belingnya begitu saya komplain di instagram katanya wajar kalo produknya meng kristal padahal saya sudah repurchase ini  baru ini yang meng kristal toko mau tanggung jawab retur barang tapi saya repot harus ke ekspedisi pada saat pandemi dan ongkir gosend tidak di tanggung saya kecewa banget kayanya ini terakhir saya pakai avoskin bye bye avoskin,"['seperti', 'barang', 'lama', 'ada', 'belingnya', 'begitu', 'saya', 'komplain', 'di', 'instagram', 'katanya', 'wajar', 'kalo', 'produknya', 'meng', 'kristal', 'padahal', 'saya', 'sudah', 'repurchase', 'ini', 'baru', 'ini', 'yang', 'meng', 'kristal', 'toko', 'mau', 'tanggung', 'jawab', 'retur', 'barang', 'tapi', 'saya', 'repot', 'harus', 'ke', 'ekspedisi', 'pada', 'saat', 'pandemi', 'dan', 'ongkir', 'gosend', 'tidak', 'di', 'tanggung', 'saya', 'kecewa', 'banget', 'kayanya', 'ini', 'terakhir', 'saya', 'pakai', 'avoskin', 'bye', 'bye', 'avoskin']"
63,barang nya gk segel,barang nya enggak segel,"['barang', 'nya', 'enggak', 'segel']"
64,demi allah beli pcs tpi yg dikirim cm biji padahal dikardusnya jelas ketulis pcs tpi yg dateng cm kardusnya kecil bgt,demi allah beli pcs tapi yang dikirim cuma biji padahal dikardusnya jelas ketulis pcs tapi yang datang cuma kardusnya kecil banget,"['demi', 'allah', 'beli', 'pcs', 'tapi', 'yang', 'dikirim', 'cuma', 'biji', 'padahal', 'dikardusnya', 'jelas', 'ketulis', 'pcs', 'tapi', 'yang', 'datang', 'cuma', 'kardusnya', 'kecil', 'banget']"
65,kecewa banget beli ini karena freenya trus pas di chat bilangnya untuk orang tertentu pdhal tidak dijelaskan sebelumnyaaa,kecewa banget beli ini karena freenya terus pas di chat bilangnya untuk orang tertentu padahal tidak dijelaskan sebelumnyaaa,"['kecewa', 'banget', 'beli', 'ini', 'karena', 'freenya', 'terus', 'pas', 'di', 'chat', 'bilangnya', 'untuk', 'orang', 'tertentu', 'padahal', 'tidak', 'dijelaskan', 'sebelumnyaaa']"
66,kecewa bngt pdhl pengen bngt toner ini tp seller nya kurang teliti ga di cek dulu kerapatan tutup nya barang belum sampe tp udh dikasih tau sama ekspedisi klo paket nya hancur dan yg lebih mengecewakan lagi proses refund nya lama bngt pesan dr tanggal tgl pesanan ditolak dan udh dikonfirmasi sama ekspedisi nya tp jawaban admin avo sama toped gitu aja disuruh nunggu mulu sampe detik ini duit refund jg belum ada,kecewa banget padahal pengin banget toner ini tapi seller nya kurang teliti enggak di cek dulu kerapatan tutup nya barang belum sampai tapi sudah dikasih tau sama ekspedisi kalo paket nya hancur dan yang lebih mengecewakan lagi proses refund nya lama banget pesan dari tanggal tanggal pesanan ditolak dan sudah dikonfirmasi sama ekspedisi nya tapi jawaban admin avo sama toped begitu saja disuruh menunggu mulu sampai detik ini duit refund juga belum ada,"['kecewa', 'banget', 'padahal', 'pengin', 'banget', 'toner', 'ini', 'tapi', 'seller', 'nya', 'kurang', 'teliti', 'enggak', 'di', 'cek', 'dulu', 'kerapatan', 'tutup', 'nya', 'barang', 'belum', 'sampai', 'tapi', 'sudah', 'dikasih', 'tau', 'sama', 'ekspedisi', 'kalo', 'paket', 'nya', 'hancur', 'dan', 'yang', 'lebih', 'mengecewakan', 'lagi', 'proses', 'refund', 'nya', 'lama', 'banget', 'pesan', 'dari', 'tanggal', 'tanggal', 'pesanan', 'ditolak', 'dan', 'sudah', 'dikonfirmasi', 'sama', 'ekspedisi', 'nya', 'tapi', 'jawaban', 'admin', 'avo', 'sama', 'toped', 'begitu', 'saja', 'disuruh', 'menunggu', 'mulu', 'sampai', 'detik', 'ini', 'duit', 'refund', 'juga', 'belum', 'ada']"
67,beli ini buat temen dan dia bilang pas dibuka isinya hampir kosong dan seperti ga ada isinya sepertinya kesalahan produksi dan saya lihat ada banyak review lain yang mengalami hal yang sama padahal yang lain bagus tapi yang ini dissapointing banget rugi  dapetnya botol kosong hati hati untuk yang mau beli,beli ini buat teman dan dia bilang pas dibuka isinya hampir kosong dan seperti enggak ada isinya sepertinya kesalahan produksi dan saya lihat ada banyak review lain yang mengalami hal yang sama padahal yang lain bagus tapi yang ini dissapointing banget rugi  dapetnya botol kosong hati hati untuk yang mau beli,"['beli', 'ini', 'buat', 'teman', 'dan', 'dia', 'bilang', 'pas', 'dibuka', 'isinya', 'hampir', 'kosong', 'dan', 'seperti', 'enggak', 'ada', 'isinya', 'sepertinya', 'kesalahan', 'produksi', 'dan', 'saya', 'lihat', 'ada', 'banyak', 'review', 'lain', 'yang', 'mengalami', 'hal', 'yang', 'sama', 'padahal', 'yang', 'lain', 'bagus', 'tapi', 'yang', 'ini', 'dissapointing', 'banget', 'rugi', 'dapetnya', 'botol', 'kosong', 'hati', 'hati', 'untuk', 'yang', 'mau', 'beli']"
68,break out pake ini,break out pakai ini,"['break', 'out', 'pakai', 'ini']"
69,produk di kirimkan sangat terlambat molor dua hari dari maximum yang dijanjikan akibatnya tidak terbawa oleh anak saya yang harus balik ke uk kami coba membatalkan pesanan ketika status masih dalam diproses dan kami sudah mengubungi merchant via chats dijawab ok namun produk tetap dipaksan dikirim meski tahu tanpa guna,produk di kirimkan sangat terlambat molor dua hari dari maximum yang dijanjikan akibatnya tidak terbawa oleh anak saya yang harus balik ke ukuran kami coba membatalkan pesanan ketika status masih dalam diproses dan kami sudah mengubungi merchant via chats dijawab ok namun produk tetap dipaksan dikirim meski tahu tanpa guna,"['produk', 'di', 'kirimkan', 'sangat', 'terlambat', 'molor', 'dua', 'hari', 'dari', 'maximum', 'yang', 'dijanjikan', 'akibatnya', 'tidak', 'terbawa', 'oleh', 'anak', 'saya', 'yang', 'harus', 'balik', 'ke', 'ukuran', 'kami', 'coba', 'membatalkan', 'pesanan', 'ketika', 'status', 'masih', 'dalam', 'diproses', 'dan', 'kami', 'sudah', 'mengubungi', 'merchant', 'via', 'chats', 'dijawab', 'ok', 'namun', 'produk', 'tetap', 'dipaksan', 'dikirim', 'meski', 'tahu', 'tanpa', 'guna']"
70,harga normal dengan expired date yang mau abis kemasa berdebu apakah layak dengan harga segitu,harga normal dengan expired date yang mau habis kemasa berdebu apakah layak dengan harga segitu,"['harga', 'normal', 'dengan', 'expired', 'date', 'yang', 'mau', 'habis', 'kemasa', 'berdebu', 'apakah', 'layak', 'dengan', 'harga', 'segitu']"
71,packaging nya jelek banget ini sih kyk nya ad oknum yg mau ngambil barangnya kardusnya di buka di bagian samping yg ga di segel tolong next nya packing lbh baik lagi,packaging nya jelek banget ini sih kayak nya ada oknum yang mau ngambil barangnya kardusnya di buka di bagian samping yang enggak di segel tolong next nya packing lebih baik lagi,"['packaging', 'nya', 'jelek', 'banget', 'ini', 'sih', 'kayak', 'nya', 'ada', 'oknum', 'yang', 'mau', 'ngambil', 'barangnya', 'kardusnya', 'di', 'buka', 'di', 'bagian', 'samping', 'yang', 'enggak', 'di', 'segel', 'tolong', 'next', 'nya', 'packing', 'lebih', 'baik', 'lagi']"
72,tertipu tidak ada gratis hadiah sarung seperti di gambar,tertipu tidak ada gratis hadiah sarung seperti di gambar,"['tertipu', 'tidak', 'ada', 'gratis', 'hadiah', 'sarung', 'seperti', 'di', 'gambar']"
73,dijanjikan expired th tapi dapetnyabulan,dijanjikan expired tahu tapi dapetnyabulan,"['dijanjikan', 'expired', 'tahu', 'tapi', 'dapetnyabulan']"
74,pesen masker yang dikirim my bad ga di video unboxing nya tapi kecewa banget bisa lalai bgt team packing nya please kerja yg fokus dan bener biar customer ga dirugikan begini ga semua orang sempet bikin video unboxing begitu so sorry kasih bintang karna beneran kecewa buat customer yang lain kalo baca ini please be more careful ya kalo pesen disini sesibuk apapun sempetin video unboxing,pesan masker yang dikirim my bad enggak di video unboxing nya tapi kecewa banget bisa lalai banget team packing nya please kerja yang fokus dan benar biar customer enggak dirugikan begini enggak semua orang sempat bikin video unboxing begitu so sorry kasih bintang karena benaran kecewa buat customer yang lain kalo baca ini please be more careful ya kalo pesan disini sesibuk apapun sempetin video unboxing,"['pesan', 'masker', 'yang', 'dikirim', 'my', 'bad', 'enggak', 'di', 'video', 'unboxing', 'nya', 'tapi', 'kecewa', 'banget', 'bisa', 'lalai', 'banget', 'team', 'packing', 'nya', 'please', 'kerja', 'yang', 'fokus', 'dan', 'benar', 'biar', 'customer', 'enggak', 'dirugikan', 'begini', 'enggak', 'semua', 'orang', 'sempat', 'bikin', 'video', 'unboxing', 'begitu', 'so', 'sorry', 'kasih', 'bintang', 'karena', 'benaran', 'kecewa', 'buat', 'customer', 'yang', 'lain', 'kalo', 'baca', 'ini', 'please', 'be', 'more', 'careful', 'ya', 'kalo', 'pesan', 'disini', 'sesibuk', 'apapun', 'sempetin', 'video', 'unboxing']"
75,sangat amat kecewa dengan pelayanan official store satu ini barang cepat dikirim tp beli diantar baru pertama kali mengalami kejadian seperti ini dr official store kekeliruan ada di penjual dianggap sah tp pembeli tdk sempat unboxing tidak dapat ditoleransi padahal yang buka paket sudah lansia kalau tidak untuk membelikan orang tua sudah pasti ganti brand sangat kecewa,sangat amat kecewa dengan pelayanan official store satu ini barang cepat dikirim tapi beli diantar baru pertama kali mengalami kejadian seperti ini dari official store kekeliruan ada di penjual dianggap sah tapi pembeli tidak sempat unboxing tidak dapat ditoleransi padahal yang buka paket sudah lansia kalau tidak untuk membelikan orang tua sudah pasti ganti brand sangat kecewa,"['sangat', 'amat', 'kecewa', 'dengan', 'pelayanan', 'official', 'store', 'satu', 'ini', 'barang', 'cepat', 'dikirim', 'tapi', 'beli', 'diantar', 'baru', 'pertama', 'kali', 'mengalami', 'kejadian', 'seperti', 'ini', 'dari', 'official', 'store', 'kekeliruan', 'ada', 'di', 'penjual', 'dianggap', 'sah', 'tapi', 'pembeli', 'tidak', 'sempat', 'unboxing', 'tidak', 'dapat', 'ditoleransi', 'padahal', 'yang', 'buka', 'paket', 'sudah', 'lansia', 'kalau', 'tidak', 'untuk', 'membelikan', 'orang', 'tua', 'sudah', 'pasti', 'ganti', 'brand', 'sangat', 'kecewa']"
76,dari awal saya   saya langsung ajukan pembatalan karena salah masukan kupon chat saya dibalas tapi barang tetap saya dikirimkan makan tuh duit ngga ikhlas saya,dari awal saya   saya langsung ajukan pembatalan karena salah masukan kupon chat saya dibalas tapi barang tetap saya dikirimkan makan tuh duit enggak ikhlas saya,"['dari', 'awal', 'saya', 'saya', 'langsung', 'ajukan', 'pembatalan', 'karena', 'salah', 'masukan', 'kupon', 'chat', 'saya', 'dibalas', 'tapi', 'barang', 'tetap', 'saya', 'dikirimkan', 'makan', 'tuh', 'duit', 'enggak', 'ikhlas', 'saya']"
77,slow respon,slow respon,"['slow', 'respon']"
78,utk sunscreen nya bener ga recommend butuh waktu lama utk di tap tapi ujungnya ga rata mana mahal lg huhu,untuk sunscreen nya benar enggak recommend butuh waktu lama untuk di tapi tapi ujungnya enggak rata mana mahal lagi huhu,"['untuk', 'sunscreen', 'nya', 'benar', 'enggak', 'recommend', 'butuh', 'waktu', 'lama', 'untuk', 'di', 'tapi', 'tapi', 'ujungnya', 'enggak', 'rata', 'mana', 'mahal', 'lagi', 'huhu']"
79,sudah sebulan lebih pake dan belum terlihat manfaatnya malah tambah jerawatan,sudah sebulan lebih pakai dan belum terlihat manfaatnya malah tambah jerawatan,"['sudah', 'sebulan', 'lebih', 'pakai', 'dan', 'belum', 'terlihat', 'manfaatnya', 'malah', 'tambah', 'jerawatan']"
80,yg diiklankan tidak sesuai,yang diiklankan tidak sesuai,"['yang', 'diiklankan', 'tidak', 'sesuai']"
81, ada bonus freenya, ada bonus freenya,"['ada', 'bonus', 'freenya']"
82,pesen yang special edition dikirim yang biasa,pesan yang special edition dikirim yang biasa,"['pesan', 'yang', 'special', 'edition', 'dikirim', 'yang', 'biasa']"
83,pesen retinol dikirim refining,pesan retinol dikirim refining,"['pesan', 'retinol', 'dikirim', 'refining']"
84,barang ga kekirim respon admin kurang memuaskan mohon maaf,barang enggak kekirim respon admin kurang memuaskan mohon maaf,"['barang', 'enggak', 'kekirim', 'respon', 'admin', 'kurang', 'memuaskan', 'mohon', 'maaf']"
85,iritasi,iritasi,['iritasi']
86,ternyata berat hanya gr sama kemasan gr,ternyata berat hanya gram sama kemasan gram,"['ternyata', 'berat', 'hanya', 'gram', 'sama', 'kemasan', 'gram']"
87,mini banget ini mah cepat habis kecewa berat,mini banget ini mah cepat habis kecewa berat,"['mini', 'banget', 'ini', 'mah', 'cepat', 'habis', 'kecewa', 'berat']"
89,ga ada isinya,enggak ada isinya,"['enggak', 'ada', 'isinya']"
90,hadiahnya ga dikirim kirim sudah nunggu bulan chat penjual dibilanh over load ini sudah mau bulan sangat mengecewakam pembeli percuma chat cs jawabannya sama diulang ulang,hadiahnya enggak dikirim kirim sudah menunggu bulan chat penjual dibilanh over load ini sudah mau bulan sangat mengecewakam pembeli percuma chat customer service jawabannya sama diulang ulang,"['hadiahnya', 'enggak', 'dikirim', 'kirim', 'sudah', 'menunggu', 'bulan', 'chat', 'penjual', 'dibilanh', 'over', 'load', 'ini', 'sudah', 'mau', 'bulan', 'sangat', 'mengecewakam', 'pembeli', 'percuma', 'chat', 'customer', 'service', 'jawabannya', 'sama', 'diulang', 'ulang']"
91,sedih banget ini entah ekspektasi ku ketinggian atau gimana isinya bahkan untuk sekali pakai ruas jari pun ndak cukup ditekan isinya angin semua serius memang segini atau gmna padahal sebelumnya beli di official serum dll ok ok aja isinya penuh udah seneng packagingnya bagus tebel tapi kalau memang isinya cuma segini macam sekali pakai dengan harga diatas  ok sangat tidak rekomen saya jarang banget isi review panjang kali lebar apalagi semengecewakan ini,sedih banget ini entah ekspektasi ku ketinggian atau bagaimana isinya bahkan untuk sekali pakai ruas jari pun indak cukup ditekan isinya angin semua serius memang segini atau bagaimana padahal sebelumnya beli di official serum dll ok ok saja isinya penuh sudah senang packagingnya bagus tebal tapi kalau memang isinya cuma segini macam sekali pakai dengan harga diatas  ok sangat tidak rekomen saya jarang banget isi review panjang kali lebar apalagi semengecewakan ini,"['sedih', 'banget', 'ini', 'entah', 'ekspektasi', 'ku', 'ketinggian', 'atau', 'bagaimana', 'isinya', 'bahkan', 'untuk', 'sekali', 'pakai', 'ruas', 'jari', 'pun', 'indak', 'cukup', 'ditekan', 'isinya', 'angin', 'semua', 'serius', 'memang', 'segini', 'atau', 'bagaimana', 'padahal', 'sebelumnya', 'beli', 'di', 'official', 'serum', 'dll', 'ok', 'ok', 'saja', 'isinya', 'penuh', 'sudah', 'senang', 'packagingnya', 'bagus', 'tebal', 'tapi', 'kalau', 'memang', 'isinya', 'cuma', 'segini', 'macam', 'sekali', 'pakai', 'dengan', 'harga', 'diatas', 'ok', 'sangat', 'tidak', 'rekomen', 'saya', 'jarang', 'banget', 'isi', 'review', 'panjang', 'kali', 'lebar', 'apalagi', 'semengecewakan', 'ini']"
92,gadapet gift,gadapet gift,"['gadapet', 'gift']"
93,kecewa banget ga sesuai dengan promonya di gambar kedua toko harusnya kasih retinol mask sheet tapi di gambar pertama dikasihnya pouch yang kesannya murahan dan tidak berguna sama sekali komplain di gambar ketiga ga pernah ditanggapi oleh toko yang labelnya official store sebagai official store harusnya sudah ga ada kesalahan dan ketidakbenaran hal hal sepele seperti ini di gambar keempat toko langsung update gambar produk seolah cuci tangan dalam hal pengiriman juga lelet banget giliran nanya nanya untuk beli produknya gerak cepet banget giliran komplain boro boro dibales kecewa banget,kecewa banget enggak sesuai dengan promonya di gambar kedua toko harusnya kasih retinol mask sheet tapi di gambar pertama dikasihnya pouch yang kesannya murahan dan tidak berguna sama sekali komplain di gambar ketiga enggak pernah ditanggapi oleh toko yang labelnya official store sebagai official store harusnya sudah enggak ada kesalahan dan ketidakbenaran hal hal sepele seperti ini di gambar keempat toko langsung update gambar produk seolah cuci tangan dalam hal pengiriman juga lelet banget giliran bertanya bertanya untuk beli produknya gerak cepat banget giliran komplain boro boro dibales kecewa banget,"['kecewa', 'banget', 'enggak', 'sesuai', 'dengan', 'promonya', 'di', 'gambar', 'kedua', 'toko', 'harusnya', 'kasih', 'retinol', 'mask', 'sheet', 'tapi', 'di', 'gambar', 'pertama', 'dikasihnya', 'pouch', 'yang', 'kesannya', 'murahan', 'dan', 'tidak', 'berguna', 'sama', 'sekali', 'komplain', 'di', 'gambar', 'ketiga', 'enggak', 'pernah', 'ditanggapi', 'oleh', 'toko', 'yang', 'labelnya', 'official', 'store', 'sebagai', 'official', 'store', 'harusnya', 'sudah', 'enggak', 'ada', 'kesalahan', 'dan', 'ketidakbenaran', 'hal', 'hal', 'sepele', 'seperti', 'ini', 'di', 'gambar', 'keempat', 'toko', 'langsung', 'update', 'gambar', 'produk', 'seolah', 'cuci', 'tangan', 'dalam', 'hal', 'pengiriman', 'juga', 'lelet', 'banget', 'giliran', 'bertanya', 'bertanya', 'untuk', 'beli', 'produknya', 'gerak', 'cepat', 'banget', 'giliran', 'komplain', 'boro', 'boro', 'dibales', 'kecewa', 'banget']"
94,saya ga kecewa dgn produknya tapi saya kecewa dgn pelayanannya saya order satu dikirim untung sy jujur yah sy chat dong adminnya kok dikirim dua apa emang dpt brgnya dua sesuai dgn di gmbr adminnya blg bukan itu hanya memperlihatkan tampak depan dan belakang adminnya minta mau ga gw bayar brgnya atau balikin brg lebihnya lucu ya dia yg salah jadi nyusahin saya kalau gw ga jujur mah diem aja gw dpt dua barang saya di chat terus bisa gak dikirim balik brgnya saya bilang ok nanti saya kirim balik skr diteror mulu udah dikirim balik blm barangnya dengan saya bilang saya akan kirim balik aja udah niat baik saya di chat mulu kok jadi kayak saya yg salah yah adminnya yg salah kok jadi kaya saya yg curi barangnya yah rugi waktu tau sayang banget nih avoskin produknya bagus tapi karyawannya ga kompeten gak suka saya diteror mulu tunggu aja brgnya dtg,saya enggak kecewa dengan produknya tapi saya kecewa dengan pelayanannya saya order satu dikirim untung saya jujur ya saya chat dong adminnya kok dikirim dua apa memang dapat brgnya dua sesuai dengan di gmbr adminnya bilang bukan itu hanya memperlihatkan tampak depan dan belakang adminnya meminta mau enggak gue bayar brgnya atau balikin barang lebihnya lucu ya dia yang salah jadi menyusahkan saya kalau gue enggak jujur mah diam saja gue dapat dua barang saya di chat terus bisa enggak dikirim balik brgnya saya bilang ok nanti saya kirim balik sekarang diteror mulu sudah dikirim balik belum barangnya dengan saya bilang saya akan kirim balik saja sudah niat baik saya di chat mulu kok jadi kayak saya yang salah ya adminnya yang salah kok jadi kayak saya yang curi barangnya ya rugi waktu tau sayang banget nih avoskin produknya bagus tapi karyawannya enggak kompeten enggak suka saya diteror mulu tunggu saja brgnya datang,"['saya', 'enggak', 'kecewa', 'dengan', 'produknya', 'tapi', 'saya', 'kecewa', 'dengan', 'pelayanannya', 'saya', 'order', 'satu', 'dikirim', 'untung', 'saya', 'jujur', 'ya', 'saya', 'chat', 'dong', 'adminnya', 'kok', 'dikirim', 'dua', 'apa', 'memang', 'dapat', 'brgnya', 'dua', 'sesuai', 'dengan', 'di', 'gmbr', 'adminnya', 'bilang', 'bukan', 'itu', 'hanya', 'memperlihatkan', 'tampak', 'depan', 'dan', 'belakang', 'adminnya', 'meminta', 'mau', 'enggak', 'gue', 'bayar', 'brgnya', 'atau', 'balikin', 'barang', 'lebihnya', 'lucu', 'ya', 'dia', 'yang', 'salah', 'jadi', 'menyusahkan', 'saya', 'kalau', 'gue', 'enggak', 'jujur', 'mah', 'diam', 'saja', 'gue', 'dapat', 'dua', 'barang', 'saya', 'di', 'chat', 'terus', 'bisa', 'enggak', 'dikirim', 'balik', 'brgnya', 'saya', 'bilang', 'ok', 'nanti', 'saya', 'kirim', 'balik', 'sekarang', 'diteror', 'mulu', 'sudah', 'dikirim', 'balik', 'belum', 'barangnya', 'dengan', 'saya', 'bilang', 'saya', 'akan', 'kirim', 'balik', 'saja', 'sudah', 'niat', 'baik', 'saya', 'di', 'chat', 'mulu', 'kok', 'jadi', 'kayak', 'saya', 'yang', 'salah', 'ya', 'adminnya', 'yang', 'salah', 'kok', 'jadi', 'kayak', 'saya', 'yang', 'curi', 'barangnya', 'ya', 'rugi', 'waktu', 'tau', 'sayang', 'banget', 'nih', 'avoskin', 'produknya', 'bagus', 'tapi', 'karyawannya', 'enggak', 'kompeten', 'enggak', 'suka', 'saya', 'diteror', 'mulu', 'tunggu', 'saja', 'brgnya', 'datang']"
95,pesan oct sampai oct dalam keadaan kuyup karena sudah habis isinya ,pesan oct sampai oct dalam keadaan kuyup karena sudah habis isinya ,"['pesan', 'oct', 'sampai', 'oct', 'dalam', 'keadaan', 'kuyup', 'karena', 'sudah', 'habis', 'isinya']"
96,isinya dikit dipencet ga keluar nyesel,isinya dikit dipencet enggak keluar menyesal,"['isinya', 'dikit', 'dipencet', 'enggak', 'keluar', 'menyesal']"
97,kecewa sudah hubungi pihak avoskinnya tapi tidak di respon,kecewa sudah hubungi pihak avoskinnya tapi tidak di respon,"['kecewa', 'sudah', 'hubungi', 'pihak', 'avoskinnya', 'tapi', 'tidak', 'di', 'respon']"
98,bocor basah semuanya hampir habis essence nya,bocor basah semuanya hampir habis essence nya,"['bocor', 'basah', 'semuanya', 'hampir', 'habis', 'essence', 'nya']"
99,bocor dong sampe hampir habis sudah saya videokan pas unboxingnya juga sedih banget sih padahal selalu pake avoskin tapi baru sekarang dapet paket tumpeh tumpeh,bocor dong sampai hampir habis sudah saya videokan pas unboxingnya juga sedih banget sih padahal selalu pakai avoskin tapi baru sekarang dapat paket tumpeh tumpeh,"['bocor', 'dong', 'sampai', 'hampir', 'habis', 'sudah', 'saya', 'videokan', 'pas', 'unboxingnya', 'juga', 'sedih', 'banget', 'sih', 'padahal', 'selalu', 'pakai', 'avoskin', 'tapi', 'baru', 'sekarang', 'dapat', 'paket', 'tumpeh', 'tumpeh']"
100,barang order tidak sampai,barang order tidak sampai,"['barang', 'order', 'tidak', 'sampai']"
101,salah kirim barangnya kurang toner udah gitu yang ngaco lagi barang yg salah kirim berupa sheetmask gw disuru beli coyyy literally dipaksa sih rb bukan masalah nominalnya tp masalah pelayanan yang sama sekali ga memuaskan harusnya dia tinggal ngirim lg barangnya yg kurang kan mslh selesai ga panjang  lebar kayak gini,salah kirim barangnya kurang toner sudah begitu yang mengaco lagi barang yang salah kirim berupa sheetmask gue disuru beli coy literally dipaksa sih ribu bukan masalah nominalnya tapi masalah pelayanan yang sama sekali enggak memuaskan harusnya dia tinggal mengirim lagi barangnya yang kurang kan masalah selesai enggak panjang  lebar kayak begini,"['salah', 'kirim', 'barangnya', 'kurang', 'toner', 'sudah', 'begitu', 'yang', 'mengaco', 'lagi', 'barang', 'yang', 'salah', 'kirim', 'berupa', 'sheetmask', 'gue', 'disuru', 'beli', 'coy', 'literally', 'dipaksa', 'sih', 'ribu', 'bukan', 'masalah', 'nominalnya', 'tapi', 'masalah', 'pelayanan', 'yang', 'sama', 'sekali', 'enggak', 'memuaskan', 'harusnya', 'dia', 'tinggal', 'mengirim', 'lagi', 'barangnya', 'yang', 'kurang', 'kan', 'masalah', 'selesai', 'enggak', 'panjang', 'lebar', 'kayak', 'begini']"
102,yang bermasalah bukan barang ini tp kualitas pelayanan cs di sini ga bakal lg dah beli di sini,yang bermasalah bukan barang ini tapi kualitas pelayanan customer service di sini enggak bakal lagi deh beli di sini,"['yang', 'bermasalah', 'bukan', 'barang', 'ini', 'tapi', 'kualitas', 'pelayanan', 'customer', 'service', 'di', 'sini', 'enggak', 'bakal', 'lagi', 'deh', 'beli', 'di', 'sini']"
103,misal tau isinya bakal beginian ga bakal dah purchase please lah avoskin  sah pelit amat,misal tau isinya bakal beginian enggak bakal deh purchase please lah avoskin  sah pelit amat,"['misal', 'tau', 'isinya', 'bakal', 'beginian', 'enggak', 'bakal', 'deh', 'purchase', 'please', 'lah', 'avoskin', 'sah', 'pelit', 'amat']"
104,tumpah semua yang di terima botol kosong,tumpah semua yang di terima botol kosong,"['tumpah', 'semua', 'yang', 'di', 'terima', 'botol', 'kosong']"
105,mau ganti pesanan gak mau dirubah alasan otomatis system padahal sy paham sekali sistem di tokped spt apa fokusnya hanya jualan bukan kepuasam pelanggan bgmna mau mempertahankan image jika byk customer yg kecewa,mau ganti pesanan enggak mau dirubah alasan otomatis system padahal saya paham sekali sistem di tokped seperti apa fokusnya hanya jualan bukan kepuasam pelanggan bagaimana mau mempertahankan image jika banyak customer yang kecewa,"['mau', 'ganti', 'pesanan', 'enggak', 'mau', 'dirubah', 'alasan', 'otomatis', 'system', 'padahal', 'saya', 'paham', 'sekali', 'sistem', 'di', 'tokped', 'seperti', 'apa', 'fokusnya', 'hanya', 'jualan', 'bukan', 'kepuasam', 'pelanggan', 'bagaimana', 'mau', 'mempertahankan', 'image', 'jika', 'banyak', 'customer', 'yang', 'kecewa']"
106,bara tiba dengan selamat tapi cs avoskin tolong diperbaiki lagi dia ngomong soal sop tapi ga paham yang saya bilang cuma minta konfirmasi pesanan karena saya udah transaksi ngomong kemana bilang sop masa harus nunggu hari untuk konfirmasi pesanan padahal udah transaksi loh udah bayar,bara tiba dengan selamat tapi customer service avoskin tolong diperbaiki lagi dia mengomong soal sop tapi enggak paham yang saya bilang cuma meminta konfirmasi pesanan karena saya sudah transaksi mengomong kemana bilang sop masa harus menunggu hari untuk konfirmasi pesanan padahal sudah transaksi loh sudah bayar,"['bara', 'tiba', 'dengan', 'selamat', 'tapi', 'customer', 'service', 'avoskin', 'tolong', 'diperbaiki', 'lagi', 'dia', 'mengomong', 'soal', 'sop', 'tapi', 'enggak', 'paham', 'yang', 'saya', 'bilang', 'cuma', 'meminta', 'konfirmasi', 'pesanan', 'karena', 'saya', 'sudah', 'transaksi', 'mengomong', 'kemana', 'bilang', 'sop', 'masa', 'harus', 'menunggu', 'hari', 'untuk', 'konfirmasi', 'pesanan', 'padahal', 'sudah', 'transaksi', 'loh', 'sudah', 'bayar']"
107,saya pesan masker apa kok ygdikirim malah yg ini,saya pesan masker apa kok ygdikirim malah yang ini,"['saya', 'pesan', 'masker', 'apa', 'kok', 'ygdikirim', 'malah', 'yang', 'ini']"
108,produk kemungkinan besar tidak original aroma sangat buruk seperti telur busuk saya pengguna serum avo ysb aa jadi familiar dengan baunya tapi produk ini sangat buruk baunya bahan kimia menyengat seperti telur busuk mau complain tapi sudah lewat hari hati hati aja,produk kemungkinan besar tidak original aroma sangat buruk seperti telur busuk saya pengguna serum avo ysb aa jadi familiar dengan baunya tapi produk ini sangat buruk baunya bahan kimia menyengat seperti telur busuk mau complain tapi sudah lewat hari hati hati saja,"['produk', 'kemungkinan', 'besar', 'tidak', 'original', 'aroma', 'sangat', 'buruk', 'seperti', 'telur', 'busuk', 'saya', 'pengguna', 'serum', 'avo', 'ysb', 'aa', 'jadi', 'familiar', 'dengan', 'baunya', 'tapi', 'produk', 'ini', 'sangat', 'buruk', 'baunya', 'bahan', 'kimia', 'menyengat', 'seperti', 'telur', 'busuk', 'mau', 'complain', 'tapi', 'sudah', 'lewat', 'hari', 'hati', 'hati', 'saja']"
109,kok isinya seperti kosong isinya ga bisa keluar dari botol jadi ga bisa kepake padahal kemasan botol ampul dlm kardus segel,kok isinya seperti kosong isinya enggak bisa keluar dari botol jadi enggak bisa terpakai padahal kemasan botol ampul dalam kardus segel,"['kok', 'isinya', 'seperti', 'kosong', 'isinya', 'enggak', 'bisa', 'keluar', 'dari', 'botol', 'jadi', 'enggak', 'bisa', 'terpakai', 'padahal', 'kemasan', 'botol', 'ampul', 'dalam', 'kardus', 'segel']"
110,sekali pake wajah langsung breakout jerawat muncul syok padahal berharap jerawat hilang  malah muncul semua,sekali pakai wajah langsung breakout jerawat muncul syok padahal berharap jerawat hilang  malah muncul semua,"['sekali', 'pakai', 'wajah', 'langsung', 'breakout', 'jerawat', 'muncul', 'syok', 'padahal', 'berharap', 'jerawat', 'hilang', 'malah', 'muncul', 'semua']"
111,gift nya penipuan marketink ribut berkepanjangan untunk dr tokopedia bisa membantu sa atasi dgn solusi penjual harus mengirim gift kpd pembeli dgn wkt yg  tentukan klo tdk maka dana kan kembali kpd pembeli ya mao tdk mao pst avoskin kirim gift nya donk tolonk ini catatan pentink buat toko ini jgn lg da lagi pembeli yg kena dampak sprt aku dan jujur jempol sa buat tokopedia dlm menyelesaikan masalah ini dan gift nya akhirx  kirim donk ke pembeli berkat tokopedia trima ksih tokopedia maaf buat toko ini sa ksih bintank smoga bs blajar dr masalah ini agar bs menjd lbh bae lg,gift nya penipuan marketink ribut berkepanjangan untunk dari tokopedia bisa membantu sa atasi dengan solusi penjual harus mengirim gift kepada pembeli dengan waktu yang  tentukan kalo tidak maka dana kan kembali kepada pembeli ya mau tidak mau pasti avoskin kirim gift nya dong tolonk ini catatan pentink buat toko ini jangan lagi dah lagi pembeli yang kena dampak seperti aku dan jujur jempol sa buat tokopedia dalam menyelesaikan masalah ini dan gift nya akhirx  kirim dong ke pembeli berkat tokopedia terima kasih tokopedia maaf buat toko ini sa kasih bintank semoga bisa belajar dari masalah ini agar bisa menjd lebih bae lagi,"['gift', 'nya', 'penipuan', 'marketink', 'ribut', 'berkepanjangan', 'untunk', 'dari', 'tokopedia', 'bisa', 'membantu', 'sa', 'atasi', 'dengan', 'solusi', 'penjual', 'harus', 'mengirim', 'gift', 'kepada', 'pembeli', 'dengan', 'waktu', 'yang', 'tentukan', 'kalo', 'tidak', 'maka', 'dana', 'kan', 'kembali', 'kepada', 'pembeli', 'ya', 'mau', 'tidak', 'mau', 'pasti', 'avoskin', 'kirim', 'gift', 'nya', 'dong', 'tolonk', 'ini', 'catatan', 'pentink', 'buat', 'toko', 'ini', 'jangan', 'lagi', 'dah', 'lagi', 'pembeli', 'yang', 'kena', 'dampak', 'seperti', 'aku', 'dan', 'jujur', 'jempol', 'sa', 'buat', 'tokopedia', 'dalam', 'menyelesaikan', 'masalah', 'ini', 'dan', 'gift', 'nya', 'akhirx', 'kirim', 'dong', 'ke', 'pembeli', 'berkat', 'tokopedia', 'terima', 'kasih', 'tokopedia', 'maaf', 'buat', 'toko', 'ini', 'sa', 'kasih', 'bintank', 'semoga', 'bisa', 'belajar', 'dari', 'masalah', 'ini', 'agar', 'bisa', 'menjd', 'lebih', 'bae', 'lagi']"
112,tekstur dan warnanya berbed padahal belinya di official avoskin biasanya serum retinol avoskin yg saya beli warnanya kekuningan dan kental tp yg beli terakhir warnanya putih dan encer tdk konsisten sdh komplain tp jawabannya tdk memuaskan jadi ragu makenya ilang deh duit rp ribu mending ganti produk lain aja deh drpada terjadi hal yg tdk diinginkan,tekstur dan warnanya berbed padahal belinya di official avoskin biasanya serum retinol avoskin yang saya beli warnanya kekuningan dan kental tapi yang beli terakhir warnanya putih dan encer tidak konsisten sudah komplain tapi jawabannya tidak memuaskan jadi ragu makenya hilang deh duit rp ribu mending ganti produk lain saja deh daripada terjadi hal yang tidak diinginkan,"['tekstur', 'dan', 'warnanya', 'berbed', 'padahal', 'belinya', 'di', 'official', 'avoskin', 'biasanya', 'serum', 'retinol', 'avoskin', 'yang', 'saya', 'beli', 'warnanya', 'kekuningan', 'dan', 'kental', 'tapi', 'yang', 'beli', 'terakhir', 'warnanya', 'putih', 'dan', 'encer', 'tidak', 'konsisten', 'sudah', 'komplain', 'tapi', 'jawabannya', 'tidak', 'memuaskan', 'jadi', 'ragu', 'makenya', 'hilang', 'deh', 'duit', 'rp', 'ribu', 'mending', 'ganti', 'produk', 'lain', 'saja', 'deh', 'daripada', 'terjadi', 'hal', 'yang', 'tidak', 'diinginkan']"
113,beli pas sale kemarin pas datang di kemasan tertulis exp date bulan januari saya melakukan protes melalui chat dengan admin saya mengirimkan bukti berupa foto ini karena saya tidak membuat video unboxing saya diminta menunggu konfirmasi pengecekan barang yg memakan waktu hari dan menyatakan bahwa barang ini tidak diproduksi di bulan november ini ya tentu nggak diproduksi di bulan november ini lah kalo diproduksi di november nggak mungkin expired di bulan januari sangat kecewa dengan pelayanan dari toko ini seharusnya dilakukan pengecekan terlebih dahulu sebelum barang dikirim dari beberapa kali saya membeli produk di official avoskin store baru kali ini kecewa karena pelayanannya mungkin saatnya berpindah ke merk lain,beli pas sale kemarin pas datang di kemasan tertulis exp date bulan januari saya melakukan protes melalui chat dengan admin saya mengirimkan bukti berupa foto ini karena saya tidak membuat video unboxing saya diminta menunggu konfirmasi pengecekan barang yang memakan waktu hari dan menyatakan bahwa barang ini tidak diproduksi di bulan november ini ya tentu enggak diproduksi di bulan november ini lah kalo diproduksi di november enggak mungkin expired di bulan januari sangat kecewa dengan pelayanan dari toko ini seharusnya dilakukan pengecekan terlebih dahulu sebelum barang dikirim dari beberapa kali saya membeli produk di official avoskin store baru kali ini kecewa karena pelayanannya mungkin saatnya berpindah ke merk lain,"['beli', 'pas', 'sale', 'kemarin', 'pas', 'datang', 'di', 'kemasan', 'tertulis', 'exp', 'date', 'bulan', 'januari', 'saya', 'melakukan', 'protes', 'melalui', 'chat', 'dengan', 'admin', 'saya', 'mengirimkan', 'bukti', 'berupa', 'foto', 'ini', 'karena', 'saya', 'tidak', 'membuat', 'video', 'unboxing', 'saya', 'diminta', 'menunggu', 'konfirmasi', 'pengecekan', 'barang', 'yang', 'memakan', 'waktu', 'hari', 'dan', 'menyatakan', 'bahwa', 'barang', 'ini', 'tidak', 'diproduksi', 'di', 'bulan', 'november', 'ini', 'ya', 'tentu', 'enggak', 'diproduksi', 'di', 'bulan', 'november', 'ini', 'lah', 'kalo', 'diproduksi', 'di', 'november', 'enggak', 'mungkin', 'expired', 'di', 'bulan', 'januari', 'sangat', 'kecewa', 'dengan', 'pelayanan', 'dari', 'toko', 'ini', 'seharusnya', 'dilakukan', 'pengecekan', 'terlebih', 'dahulu', 'sebelum', 'barang', 'dikirim', 'dari', 'beberapa', 'kali', 'saya', 'membeli', 'produk', 'di', 'official', 'avoskin', 'store', 'baru', 'kali', 'ini', 'kecewa', 'karena', 'pelayanannya', 'mungkin', 'saatnya', 'berpindah', 'ke', 'merk', 'lain']"
114,dapat barang hampir expired beli november expired januari saya tidak membuat video unboxing karena sudah kali belanja tidak bermasalah karena ini juga official store avoskin juga bisa dilihat bagaimana store lepas tanggung jawab dari chat yang saya dan adminnya bagi yang mau beli pikir pikir lagi ya terus terang kalau saya kapok beli avoskin saatnya beralih ke merk lain yg lebih mengutamakan kualitas produk yg dijual kepada pelanggan bukan semata mata cari untung kalau di review bisa bintang saya akan pilih bintang,dapat barang hampir expired beli november expired januari saya tidak membuat video unboxing karena sudah kali belanja tidak bermasalah karena ini juga official store avoskin juga bisa dilihat bagaimana store lepas tanggung jawab dari chat yang saya dan adminnya bagi yang mau beli pikir pikir lagi ya terus terang kalau saya kapok beli avoskin saatnya beralih ke merk lain yang lebih mengutamakan kualitas produk yang dijual kepada pelanggan bukan semata mata cari untung kalau di review bisa bintang saya akan pilih bintang,"['dapat', 'barang', 'hampir', 'expired', 'beli', 'november', 'expired', 'januari', 'saya', 'tidak', 'membuat', 'video', 'unboxing', 'karena', 'sudah', 'kali', 'belanja', 'tidak', 'bermasalah', 'karena', 'ini', 'juga', 'official', 'store', 'avoskin', 'juga', 'bisa', 'dilihat', 'bagaimana', 'store', 'lepas', 'tanggung', 'jawab', 'dari', 'chat', 'yang', 'saya', 'dan', 'adminnya', 'bagi', 'yang', 'mau', 'beli', 'pikir', 'pikir', 'lagi', 'ya', 'terus', 'terang', 'kalau', 'saya', 'kapok', 'beli', 'avoskin', 'saatnya', 'beralih', 'ke', 'merk', 'lain', 'yang', 'lebih', 'mengutamakan', 'kualitas', 'produk', 'yang', 'dijual', 'kepada', 'pelanggan', 'bukan', 'semata', 'mata', 'cari', 'untung', 'kalau', 'di', 'review', 'bisa', 'bintang', 'saya', 'akan', 'pilih', 'bintang']"
115,sabun mukanya lebih encer dan warnanya agak kuning,sabun mukanya lebih encer dan warnanya agak kuning,"['sabun', 'mukanya', 'lebih', 'encer', 'dan', 'warnanya', 'agak', 'kuning']"
116,udah bertahun pake avoskin karena cocok banget tapi baru pertama ini beli online pas dateng cuma botol doang pengecekkan barang sebelum dikirim kurang beli botol botolnya tumpah tidak bersisa botol tidak pecah hanya tidak rapat penutupnya minta tolong pengecekkannya diperbaiki dong avoskin aku lihat ini udah kasus kesekian kalinya,sudah bertahun pakai avoskin karena cocok banget tapi baru pertama ini beli online pas datang cuma botol doang pengecekkan barang sebelum dikirim kurang beli botol botolnya tumpah tidak bersisa botol tidak pecah hanya tidak rapat penutupnya meminta tolong pengecekkannya diperbaiki dong avoskin aku lihat ini sudah kasus kesekian kalinya,"['sudah', 'bertahun', 'pakai', 'avoskin', 'karena', 'cocok', 'banget', 'tapi', 'baru', 'pertama', 'ini', 'beli', 'online', 'pas', 'datang', 'cuma', 'botol', 'doang', 'pengecekkan', 'barang', 'sebelum', 'dikirim', 'kurang', 'beli', 'botol', 'botolnya', 'tumpah', 'tidak', 'bersisa', 'botol', 'tidak', 'pecah', 'hanya', 'tidak', 'rapat', 'penutupnya', 'meminta', 'tolong', 'pengecekkannya', 'diperbaiki', 'dong', 'avoskin', 'aku', 'lihat', 'ini', 'sudah', 'kasus', 'kesekian', 'kalinya']"
117,serum yang dikirim kyknya udah rusak karena ada endapan di bawahnya dan bikin breakout,serum yang dikirim kayaknya sudah rusak karena ada endapan di bawahnya dan bikin breakout,"['serum', 'yang', 'dikirim', 'kayaknya', 'sudah', 'rusak', 'karena', 'ada', 'endapan', 'di', 'bawahnya', 'dan', 'bikin', 'breakout']"
118,beli lagi khusus buat kasi review yang sesuai jangan percaya aja meski official store beli serum cuma di kirim lihat dari bukti bentuk kotak saja sudah jelas isi nya serum atau serum pihak avoskin pasti paham la tapi tidak mau tanggung jawab karena alasan sudah lewat waktu padahal sudah tau memang kurang kirim mau untung juga gak gitu kali caranya,beli lagi khusus buat kasih review yang sesuai jangan percaya saja meski official store beli serum cuma di kirim lihat dari bukti bentuk kotak saja sudah jelas isi nya serum atau serum pihak avoskin pasti paham lah tapi tidak mau tanggung jawab karena alasan sudah lewat waktu padahal sudah tau memang kurang kirim mau untung juga enggak begitu kali caranya,"['beli', 'lagi', 'khusus', 'buat', 'kasih', 'review', 'yang', 'sesuai', 'jangan', 'percaya', 'saja', 'meski', 'official', 'store', 'beli', 'serum', 'cuma', 'di', 'kirim', 'lihat', 'dari', 'bukti', 'bentuk', 'kotak', 'saja', 'sudah', 'jelas', 'isi', 'nya', 'serum', 'atau', 'serum', 'pihak', 'avoskin', 'pasti', 'paham', 'lah', 'tapi', 'tidak', 'mau', 'tanggung', 'jawab', 'karena', 'alasan', 'sudah', 'lewat', 'waktu', 'padahal', 'sudah', 'tau', 'memang', 'kurang', 'kirim', 'mau', 'untung', 'juga', 'enggak', 'begitu', 'kali', 'caranya']"
119,dus tidak ada isinya,dus tidak ada isinya,"['dus', 'tidak', 'ada', 'isinya']"
120,sunscreen blepotan keluar dr tube sebaiknya tube di seal,sunscreen blepotan keluar dari tube sebaiknya tube di seal,"['sunscreen', 'blepotan', 'keluar', 'dari', 'tube', 'sebaiknya', 'tube', 'di', 'seal']"
121,warnanya keruh banyak gelembungnya terus baunya aneh itu gapapakah sumpah avoskin kali ini mengecewakan,warnanya keruh banyak gelembungnya terus baunya aneh itu gapapakah sumpah avoskin kali ini mengecewakan,"['warnanya', 'keruh', 'banyak', 'gelembungnya', 'terus', 'baunya', 'aneh', 'itu', 'gapapakah', 'sumpah', 'avoskin', 'kali', 'ini', 'mengecewakan']"
122,baru kali ini biasa nya beli ini baik ajah,baru kali ini biasa nya beli ini baik saja,"['baru', 'kali', 'ini', 'biasa', 'nya', 'beli', 'ini', 'baik', 'saja']"
123,pembelian kedua kenapa dapet barang kek gini yaa apa karna barang sale encer banget creamnya udah coba masukin kulkas tapi tetep gini aman ga ya tetep dipakenya,pembelian kedua kenapa dapat barang kayak begini ya apa karena barang sale encer banget creamnya sudah coba memasuki kulkas tapi tetap begini aman enggak ya tetap dipakai,"['pembelian', 'kedua', 'kenapa', 'dapat', 'barang', 'kayak', 'begini', 'ya', 'apa', 'karena', 'barang', 'sale', 'encer', 'banget', 'creamnya', 'sudah', 'coba', 'memasuki', 'kulkas', 'tapi', 'tetap', 'begini', 'aman', 'enggak', 'ya', 'tetap', 'dipakai']"
124,isinya kosong pertama kali beli barang begini karena officialnya store jdi gak buat video dari barang barang isinya kosong,isinya kosong pertama kali beli barang begini karena officialnya store jadi enggak buat video dari barang barang isinya kosong,"['isinya', 'kosong', 'pertama', 'kali', 'beli', 'barang', 'begini', 'karena', 'officialnya', 'store', 'jadi', 'enggak', 'buat', 'video', 'dari', 'barang', 'barang', 'isinya', 'kosong']"
125,hmm agak ragu dengan produk ini baru sekali saya pakai kok jadi ada kerak putihnya gini di kulit saya ya,hmm agak ragu dengan produk ini baru sekali saya pakai kok jadi ada kerak putihnya begini di kulit saya ya,"['hmm', 'agak', 'ragu', 'dengan', 'produk', 'ini', 'baru', 'sekali', 'saya', 'pakai', 'kok', 'jadi', 'ada', 'kerak', 'putihnya', 'begini', 'di', 'kulit', 'saya', 'ya']"
126,unproffesional with handling complain,unproffesional with handling complain,"['unproffesional', 'with', 'handling', 'complain']"
127,sunscreen tidak sesuai foto ternyata hanya yang ml tidak dapat free wallet juga fotonya bener missleading kecewa banget,sunscreen tidak sesuai foto ternyata hanya yang ml tidak dapat free wallet juga fotonya benar missleading kecewa banget,"['sunscreen', 'tidak', 'sesuai', 'foto', 'ternyata', 'hanya', 'yang', 'ml', 'tidak', 'dapat', 'free', 'wallet', 'juga', 'fotonya', 'benar', 'missleading', 'kecewa', 'banget']"
128,saya ordernya avoskin retinol toner tapi yg dikirim miraculois refinning toner,saya ordernya avoskin retinol toner tapi yang dikirim miraculois refinning toner,"['saya', 'ordernya', 'avoskin', 'retinol', 'toner', 'tapi', 'yang', 'dikirim', 'miraculois', 'refinning', 'toner']"
129,kualitasnya tidak sesuai dengan yang saya beli sebelumnya yang ini bikin kulit jadi kering dan peeling harganyamemang jadi diskon tapi kenapa kualitasnya juga ikutan didiskon baru review skrg karena memang produknya baru dipakai,kualitasnya tidak sesuai dengan yang saya beli sebelumnya yang ini bikin kulit jadi kering dan peeling harganyamemang jadi diskon tapi kenapa kualitasnya juga ikutan didiskon baru review sekarang karena memang produknya baru dipakai,"['kualitasnya', 'tidak', 'sesuai', 'dengan', 'yang', 'saya', 'beli', 'sebelumnya', 'yang', 'ini', 'bikin', 'kulit', 'jadi', 'kering', 'dan', 'peeling', 'harganyamemang', 'jadi', 'diskon', 'tapi', 'kenapa', 'kualitasnya', 'juga', 'ikutan', 'didiskon', 'baru', 'review', 'sekarang', 'karena', 'memang', 'produknya', 'baru', 'dipakai']"
130,gak daoet cuma dapet,enggak daoet cuma dapat,"['enggak', 'daoet', 'cuma', 'dapat']"
131,gausah beli di official store cari merchant lain saja ketika barang kosong malah dikirim barang lain tanpa konfirmasi pelayanan cs jg ribet saya diminta isi beberapa form dengan pertanyaan berulang konsumen hanya diminta maklum karena selisih harga hanya orang belanja online krn cari yg praktis tp kalau salah dan harus retur bolak balik buat apa brand besar tp masih bisa salah kirim dan penanganannya buruk sekali,enggak usah beli di official store cari merchant lain saja ketika barang kosong malah dikirim barang lain tanpa konfirmasi pelayanan customer service juga ribet saya diminta isi beberapa form dengan pertanyaan berulang konsumen hanya diminta maklum karena selisih harga hanya orang belanja online karena cari yang praktis tapi kalau salah dan harus retur bolak balik buat apa brand besar tapi masih bisa salah kirim dan penanganannya buruk sekali,"['enggak', 'usah', 'beli', 'di', 'official', 'store', 'cari', 'merchant', 'lain', 'saja', 'ketika', 'barang', 'kosong', 'malah', 'dikirim', 'barang', 'lain', 'tanpa', 'konfirmasi', 'pelayanan', 'customer', 'service', 'juga', 'ribet', 'saya', 'diminta', 'isi', 'beberapa', 'form', 'dengan', 'pertanyaan', 'berulang', 'konsumen', 'hanya', 'diminta', 'maklum', 'karena', 'selisih', 'harga', 'hanya', 'orang', 'belanja', 'online', 'karena', 'cari', 'yang', 'praktis', 'tapi', 'kalau', 'salah', 'dan', 'harus', 'retur', 'bolak', 'balik', 'buat', 'apa', 'brand', 'besar', 'tapi', 'masih', 'bisa', 'salah', 'kirim', 'dan', 'penanganannya', 'buruk', 'sekali']"
132,kecewa pengiriman cukup lama dan bocor dikit isinya,kecewa pengiriman cukup lama dan bocor dikit isinya,"['kecewa', 'pengiriman', 'cukup', 'lama', 'dan', 'bocor', 'dikit', 'isinya']"
133,sumpah kecewa sii saya baru pertama kali lho saya beli produk di official store online dan dikirimin produk yg udah mau expired kecewa saya,sumpah kecewa sih saya baru pertama kali lho saya beli produk di official store online dan dikirimin produk yang sudah mau expired kecewa saya,"['sumpah', 'kecewa', 'sih', 'saya', 'baru', 'pertama', 'kali', 'lho', 'saya', 'beli', 'produk', 'di', 'official', 'store', 'online', 'dan', 'dikirimin', 'produk', 'yang', 'sudah', 'mau', 'expired', 'kecewa', 'saya']"
134,pelayanan oke tapi produk nya bikin iritasi semalam coba pakai toner serum nya langsung muka perih iritasi plus merah paginya coba lagi cm pake serum tetes tetap perihh iritasi panas,pelayanan oke tapi produk nya bikin iritasi semalam coba pakai toner serum nya langsung muka perih iritasi plus merah paginya coba lagi cuma pakai serum tetes tetap perihh iritasi panas,"['pelayanan', 'oke', 'tapi', 'produk', 'nya', 'bikin', 'iritasi', 'semalam', 'coba', 'pakai', 'toner', 'serum', 'nya', 'langsung', 'muka', 'perih', 'iritasi', 'plus', 'merah', 'paginya', 'coba', 'lagi', 'cuma', 'pakai', 'serum', 'tetes', 'tetap', 'perihh', 'iritasi', 'panas']"
135,penjual mengirim barang yg sudah dekat sekali masa expired nya dengan dalih masih ada masa bulan setelah tgl exp  pemaksaan sekali saya sdh baca literatur bila produk retinol rentan rusaknya dan pakainya jarang pula lama habisnya lalu ini dikirim brg produksi tahun lalu hak pembeli utk mendapatkan barang yg sesuai ditolak pembeli sudah chats dgn penjual utk retur disertai bukti tapi penjual menolak menggantikan dgn barang yg terbaru sewaktu blum beli sudah ditanya kapan tgl exp jawabannya cso tahun tapi dikirimnya barang produksi tahun lalu sudah mepet exp pengen ketawa dan marah kagak sangka lagak official store tapi tidak punya komitmen tidak melindungi hak konsumen lebih baik beli dari store yg lain yang lebih amanah menjaga konsumen hati jangan terkecoh membeli produk di store ini tanyakan yg jelas kapan tgl produksi yg akan dikirim dengan pasti dan screenshoot jawabannya utk bukti bila jawabannya nanti dilihat sewaktu barang datang lebih baik jangan mau beli karena pasti diberi brg lama yg masa exp tinggal edikit lagi bila penjual mau jual harga diskonan sebaiknya penjual jujur diawal tidak menutupi bhw tgl exp sekian spy fair adil dan konsumen tahu diawal saya jg seorang penjual tapi saya pantang mendapatkan uang dgn cara menipu konsumen spt ini hai cso jangan bilang saya suruh kontak lagi ya saya udah kontak berkali via chats tapi tidak digubris btw saya lihat komplain pembeli yg lain di hari yg sama dengan saya yg punya keluhan yg sama dikirim brg exp mepet waktu lihat yg komplain bintang jadi ternyata bukan saya saja sudah banyak konsumen yg dirugikan hati ini berhubungan dengan kosmetik muka kalau muka orang sampai kenapa apa situ mau tanggung jawab,penjual mengirim barang yang sudah dekat sekali masa expired nya dengan dalih masih ada masa bulan setelah tanggal exp  pemaksaan sekali saya sudah baca literatur bila produk retinol rentan rusaknya dan pakainya jarang pula lama habisnya lalu ini dikirim barang produksi tahun lalu hak pembeli untuk mendapatkan barang yang sesuai ditolak pembeli sudah chats dengan penjual untuk retur disertai bukti tapi penjual menolak menggantikan dengan barang yang terbaru sewaktu belum beli sudah ditanya kapan tanggal exp jawabannya cso tahun tapi dikirimnya barang produksi tahun lalu sudah mepet exp pengin ketawa dan marah kagak sangka lagak official store tapi tidak punya komitmen tidak melindungi hak konsumen lebih baik beli dari store yang lain yang lebih amanah menjaga konsumen hati jangan terkecoh membeli produk di store ini tanyakan yang jelas kapan tanggal produksi yang akan dikirim dengan pasti dan screenshoot jawabannya untuk bukti bila jawabannya nanti dilihat sewaktu barang datang lebih baik jangan mau beli karena pasti diberi barang lama yang masa exp tinggal edikit lagi bila penjual mau jual harga diskonan sebaiknya penjual jujur diawal tidak menutupi bahwa tanggal exp sekian supaya fair adil dan konsumen tahu diawal saya juga seorang penjual tapi saya pantang mendapatkan uang dengan cara menipu konsumen seperti ini hai cso jangan bilang saya suruh kontak lagi ya saya sudah kontak berkali via chats tapi tidak digubris btw saya lihat komplain pembeli yang lain di hari yang sama dengan saya yang punya keluhan yang sama dikirim barang exp mepet waktu lihat yang komplain bintang jadi ternyata bukan saya saja sudah banyak konsumen yang dirugikan hati ini berhubungan dengan kosmetik muka kalau muka orang sampai kenapa apa situ mau tanggung jawab,"['penjual', 'mengirim', 'barang', 'yang', 'sudah', 'dekat', 'sekali', 'masa', 'expired', 'nya', 'dengan', 'dalih', 'masih', 'ada', 'masa', 'bulan', 'setelah', 'tanggal', 'exp', 'pemaksaan', 'sekali', 'saya', 'sudah', 'baca', 'literatur', 'bila', 'produk', 'retinol', 'rentan', 'rusaknya', 'dan', 'pakainya', 'jarang', 'pula', 'lama', 'habisnya', 'lalu', 'ini', 'dikirim', 'barang', 'produksi', 'tahun', 'lalu', 'hak', 'pembeli', 'untuk', 'mendapatkan', 'barang', 'yang', 'sesuai', 'ditolak', 'pembeli', 'sudah', 'chats', 'dengan', 'penjual', 'untuk', 'retur', 'disertai', 'bukti', 'tapi', 'penjual', 'menolak', 'menggantikan', 'dengan', 'barang', 'yang', 'terbaru', 'sewaktu', 'belum', 'beli', 'sudah', 'ditanya', 'kapan', 'tanggal', 'exp', 'jawabannya', 'cso', 'tahun', 'tapi', 'dikirimnya', 'barang', 'produksi', 'tahun', 'lalu', 'sudah', 'mepet', 'exp', 'pengin', 'ketawa', 'dan', 'marah', 'kagak', 'sangka', 'lagak', 'official', 'store', 'tapi', 'tidak', 'punya', 'komitmen', 'tidak', 'melindungi', 'hak', 'konsumen', 'lebih', 'baik', 'beli', 'dari', 'store', 'yang', 'lain', 'yang', 'lebih', 'amanah', 'menjaga', 'konsumen', 'hati', 'jangan', 'terkecoh', 'membeli', 'produk', 'di', 'store', 'ini', 'tanyakan', 'yang', 'jelas', 'kapan', 'tanggal', 'produksi', 'yang', 'akan', 'dikirim', 'dengan', 'pasti', 'dan', 'screenshoot', 'jawabannya', 'untuk', 'bukti', 'bila', 'jawabannya', 'nanti', 'dilihat', 'sewaktu', 'barang', 'datang', 'lebih', 'baik', 'jangan', 'mau', 'beli', 'karena', 'pasti', 'diberi', 'barang', 'lama', 'yang', 'masa', 'exp', 'tinggal', 'edikit', 'lagi', 'bila', 'penjual', 'mau', 'jual', 'harga', 'diskonan', 'sebaiknya', 'penjual', 'jujur', 'diawal', 'tidak', 'menutupi', 'bahwa', 'tanggal', 'exp', 'sekian', 'supaya', 'fair', 'adil', 'dan', 'konsumen', 'tahu', 'diawal', 'saya', 'juga', 'seorang', 'penjual', 'tapi', 'saya', 'pantang', 'mendapatkan', 'uang', 'dengan', 'cara', 'menipu', 'konsumen', 'seperti', 'ini', 'hai', 'cso', 'jangan', 'bilang', 'saya', 'suruh', 'kontak', 'lagi', 'ya', 'saya', 'sudah', 'kontak', 'berkali', 'via', 'chats', 'tapi', 'tidak', 'digubris', 'btw', 'saya', 'lihat', 'komplain', 'pembeli', 'yang', 'lain', 'di', 'hari', 'yang', 'sama', 'dengan', 'saya', 'yang', 'punya', 'keluhan', 'yang', 'sama', 'dikirim', 'barang', 'exp', 'mepet', 'waktu', 'lihat', 'yang', 'komplain', 'bintang', 'jadi', 'ternyata', 'bukan', 'saya', 'saja', 'sudah', 'banyak', 'konsumen', 'yang', 'dirugikan', 'hati', 'ini', 'berhubungan', 'dengan', 'kosmetik', 'muka', 'kalau', 'muka', 'orang', 'sampai', 'kenapa', 'apa', 'situ', 'mau', 'tanggung', 'jawab']"
136,hati hati belanja di sini seller menginformasikan bahwa expired date th kenyataannya saya menerima produk masa expirednya hanya sisa bulan aja saya beli untuk stock terlalu mepet kalau hanya bulan saya udah mengajukan komplain mengikuti prosedur di tokopedia namun seller menolak dan memberikan bukti yang tidak valid sama sekali hanya screenshot kalimat penolakan dari saya dan ditambah kalimat kurang lebih sudah mengirim produk sesuai dengan pesanan kedaluwarsa di atas bulan itu artinya toko ini secara tidak langsung menyatakan sebagai toko yang tidak berkompeten pembaca ulasan ini pun bisa jadi ingin tertawa di awal bilang expired date th  pas diajukan komplain malah bilang di atas bulan lucu sekali bukan hahahahaa seller memberikan informasi palsu dan bohong patut dikenai sanksi saya tambah kesal dan jengkel seller awalnya tidak meminta maaf malah berdalih kalau produk yang saya terima masih aman untuk digunakan komedi sekali ya titik fokus di sini bukan masih aman digunakan karena seharusnya seller bisa komitmen dan profesional dalam berjualan apalagi ini official store,hati hati belanja di sini seller menginformasikan bahwa expired date tahu kenyataannya saya menerima produk masa expirednya hanya sisa bulan saja saya beli untuk stock terlalu mepet kalau hanya bulan saya sudah mengajukan komplain mengikuti prosedur di tokopedia namun seller menolak dan memberikan bukti yang tidak valid sama sekali hanya screenshot kalimat penolakan dari saya dan ditambah kalimat kurang lebih sudah mengirim produk sesuai dengan pesanan kedaluwarsa di atas bulan itu artinya toko ini secara tidak langsung menyatakan sebagai toko yang tidak berkompeten pembaca ulasan ini pun bisa jadi ingin tertawa di awal bilang expired date tahu  pas diajukan komplain malah bilang di atas bulan lucu sekali bukan hahahahaa seller memberikan informasi palsu dan bohong patut dikenai sanksi saya tambah kesal dan jengkel seller awalnya tidak meminta maaf malah berdalih kalau produk yang saya terima masih aman untuk digunakan komedi sekali ya titik fokus di sini bukan masih aman digunakan karena seharusnya seller bisa komitmen dan profesional dalam berjualan apalagi ini official store,"['hati', 'hati', 'belanja', 'di', 'sini', 'seller', 'menginformasikan', 'bahwa', 'expired', 'date', 'tahu', 'kenyataannya', 'saya', 'menerima', 'produk', 'masa', 'expirednya', 'hanya', 'sisa', 'bulan', 'saja', 'saya', 'beli', 'untuk', 'stock', 'terlalu', 'mepet', 'kalau', 'hanya', 'bulan', 'saya', 'sudah', 'mengajukan', 'komplain', 'mengikuti', 'prosedur', 'di', 'tokopedia', 'namun', 'seller', 'menolak', 'dan', 'memberikan', 'bukti', 'yang', 'tidak', 'valid', 'sama', 'sekali', 'hanya', 'screenshot', 'kalimat', 'penolakan', 'dari', 'saya', 'dan', 'ditambah', 'kalimat', 'kurang', 'lebih', 'sudah', 'mengirim', 'produk', 'sesuai', 'dengan', 'pesanan', 'kedaluwarsa', 'di', 'atas', 'bulan', 'itu', 'artinya', 'toko', 'ini', 'secara', 'tidak', 'langsung', 'menyatakan', 'sebagai', 'toko', 'yang', 'tidak', 'berkompeten', 'pembaca', 'ulasan', 'ini', 'pun', 'bisa', 'jadi', 'ingin', 'tertawa', 'di', 'awal', 'bilang', 'expired', 'date', 'tahu', 'pas', 'diajukan', 'komplain', 'malah', 'bilang', 'di', 'atas', 'bulan', 'lucu', 'sekali', 'bukan', 'hahahahaa', 'seller', 'memberikan', 'informasi', 'palsu', 'dan', 'bohong', 'patut', 'dikenai', 'sanksi', 'saya', 'tambah', 'kesal', 'dan', 'jengkel', 'seller', 'awalnya', 'tidak', 'meminta', 'maaf', 'malah', 'berdalih', 'kalau', 'produk', 'yang', 'saya', 'terima', 'masih', 'aman', 'untuk', 'digunakan', 'komedi', 'sekali', 'ya', 'titik', 'fokus', 'di', 'sini', 'bukan', 'masih', 'aman', 'digunakan', 'karena', 'seharusnya', 'seller', 'bisa', 'komitmen', 'dan', 'profesional', 'dalam', 'berjualan', 'apalagi', 'ini', 'official', 'store']"
137,syng banget kulit jd kemerahan dan gatel baru coba tonnernya padahal,sayang banget kulit jadi kemerahan dan gatel baru coba tonnernya padahal,"['sayang', 'banget', 'kulit', 'jadi', 'kemerahan', 'dan', 'gatel', 'baru', 'coba', 'tonnernya', 'padahal']"
138,barang tidak dikirim pesanannya kurang mengecewakan sekali qc nya,barang tidak dikirim pesanannya kurang mengecewakan sekali qc nya,"['barang', 'tidak', 'dikirim', 'pesanannya', 'kurang', 'mengecewakan', 'sekali', 'qc', 'nya']"
139,digambarnya tertulis free toner ml ternyata tonernya tdk datang setelah chat seller katanya limited stock klo memang limited stock ko knp tdk ditulis atau dijelaskan masa sekelas official store seperti ini klo memang sdh habis yah gambarnya knp gk diganti aja ternyata banyak yg mengeluhkan hal yg sama ttg free gift yg tdk dikirim harusnya pihak store bisa memperbaiki hal tsb sisa umur simpan produk jg masa kurang dr thn hanya bln exp nov,digambarnya tertulis free toner ml ternyata tonernya tidak datang setelah chat seller katanya limited stock kalo memang limited stock kok kenapa tidak ditulis atau dijelaskan masa sekelas official store seperti ini kalo memang sudah habis ya gambarnya kenapa enggak diganti saja ternyata banyak yang mengeluhkan hal yang sama tentang free gift yang tidak dikirim harusnya pihak store bisa memperbaiki hal tersebut sisa umur simpan produk juga masa kurang dari tahun hanya bulan exp nov,"['digambarnya', 'tertulis', 'free', 'toner', 'ml', 'ternyata', 'tonernya', 'tidak', 'datang', 'setelah', 'chat', 'seller', 'katanya', 'limited', 'stock', 'kalo', 'memang', 'limited', 'stock', 'kok', 'kenapa', 'tidak', 'ditulis', 'atau', 'dijelaskan', 'masa', 'sekelas', 'official', 'store', 'seperti', 'ini', 'kalo', 'memang', 'sudah', 'habis', 'ya', 'gambarnya', 'kenapa', 'enggak', 'diganti', 'saja', 'ternyata', 'banyak', 'yang', 'mengeluhkan', 'hal', 'yang', 'sama', 'tentang', 'free', 'gift', 'yang', 'tidak', 'dikirim', 'harusnya', 'pihak', 'store', 'bisa', 'memperbaiki', 'hal', 'tersebut', 'sisa', 'umur', 'simpan', 'produk', 'juga', 'masa', 'kurang', 'dari', 'tahun', 'hanya', 'bulan', 'exp', 'nov']"
140, purchased the first date of the campaign free mirror but the package didn  include the mirror as the campaign said their product packaging also so poor looks cheap customer admin doesn  know their campaign as well totally bad experience, purchased the first date of the campaign free mirror but the package didn  include the mirror as the campaign said their product packaging also so poor looks cheap customer admin doesn  know their campaign as well totally bad experience,"['purchased', 'the', 'first', 'date', 'of', 'the', 'campaign', 'free', 'mirror', 'but', 'the', 'package', 'didn', 'include', 'the', 'mirror', 'as', 'the', 'campaign', 'said', 'their', 'product', 'packaging', 'also', 'so', 'poor', 'looks', 'cheap', 'customer', 'admin', 'doesn', 'know', 'their', 'campaign', 'as', 'well', 'totally', 'bad', 'experience']"
141,ternyata yang dikirim ada bintik putihnya bukan sabun kea biasa kualitas barangnya tolong diperhatikan,ternyata yang dikirim ada bintik putihnya bukan sabun kea biasa kualitas barangnya tolong diperhatikan,"['ternyata', 'yang', 'dikirim', 'ada', 'bintik', 'putihnya', 'bukan', 'sabun', 'kea', 'biasa', 'kualitas', 'barangnya', 'tolong', 'diperhatikan']"
142,mumpung bulan puasa jd sebelum order pikir dlu jangan termakan iklan review dr youtube rekomendasi dr youtube sblm order sudah baca deskripsi sudah memutuskan untuk membeli taunya produknya very not recomended kulit semakin kusam pkoknya kulit muka kayak terik gtu tp muka kusam mngkn krna jd kering gtu komedo yg awalnya ga keliatan jd keliatan mngkn krna kering pdhl saya menggunakan serum merk sebelah aman aman saja sudah chat penjual tp tidak memberikan solusi sm skali dan slalu mencari alasan untuk pembenaran contohnya wajib ini itu sblm pakai ini pdhl sudah jelas dideskripsi produk tidak ada penjelasannya rugi didunia ga masalah ngamburin uang beli produk ini drpd rugi akhirat menjual produk haruslah lengkap harus jelas jgn setelah order bru dikasi tw harus pakai ini dulu itu dulu alhamdulillah dalam islam saya diajarkan slalu memberikan penjelasan atas apa yg saya jual,mumpung bulan puasa jadi sebelum order pikir dulu jangan termakan iklan review dari youtube rekomendasi dari youtube sebelum order sudah baca deskripsi sudah memutuskan untuk membeli taunya produknya very not recomended kulit semakin kusam pokoknya kulit muka kayak terik begitu tapi muka kusam mngkn karena jadi kering begitu komedo yang awalnya enggak kelihatan jadi kelihatan mngkn karena kering padahal saya menggunakan serum merk sebelah aman aman saja sudah chat penjual tapi tidak memberikan solusi sama sekali dan selalu mencari alasan untuk pembenaran contohnya wajib ini itu sebelum pakai ini padahal sudah jelas dideskripsi produk tidak ada penjelasannya rugi didunia enggak masalah ngamburin uang beli produk ini daripada rugi akhirat menjual produk haruslah lengkap harus jelas jangan setelah order baru dikasih tau harus pakai ini dulu itu dulu alhamdulillah dalam islam saya diajarkan selalu memberikan penjelasan atas apa yang saya jual,"['mumpung', 'bulan', 'puasa', 'jadi', 'sebelum', 'order', 'pikir', 'dulu', 'jangan', 'termakan', 'iklan', 'review', 'dari', 'youtube', 'rekomendasi', 'dari', 'youtube', 'sebelum', 'order', 'sudah', 'baca', 'deskripsi', 'sudah', 'memutuskan', 'untuk', 'membeli', 'taunya', 'produknya', 'very', 'not', 'recomended', 'kulit', 'semakin', 'kusam', 'pokoknya', 'kulit', 'muka', 'kayak', 'terik', 'begitu', 'tapi', 'muka', 'kusam', 'mngkn', 'karena', 'jadi', 'kering', 'begitu', 'komedo', 'yang', 'awalnya', 'enggak', 'kelihatan', 'jadi', 'kelihatan', 'mngkn', 'karena', 'kering', 'padahal', 'saya', 'menggunakan', 'serum', 'merk', 'sebelah', 'aman', 'aman', 'saja', 'sudah', 'chat', 'penjual', 'tapi', 'tidak', 'memberikan', 'solusi', 'sama', 'sekali', 'dan', 'selalu', 'mencari', 'alasan', 'untuk', 'pembenaran', 'contohnya', 'wajib', 'ini', 'itu', 'sebelum', 'pakai', 'ini', 'padahal', 'sudah', 'jelas', 'dideskripsi', 'produk', 'tidak', 'ada', 'penjelasannya', 'rugi', 'didunia', 'enggak', 'masalah', 'ngamburin', 'uang', 'beli', 'produk', 'ini', 'daripada', 'rugi', 'akhirat', 'menjual', 'produk', 'haruslah', 'lengkap', 'harus', 'jelas', 'jangan', 'setelah', 'order', 'baru', 'dikasih', 'tau', 'harus', 'pakai', 'ini', 'dulu', 'itu', 'dulu', 'alhamdulillah', 'dalam', 'islam', 'saya', 'diajarkan', 'selalu', 'memberikan', 'penjelasan', 'atas', 'apa', 'yang', 'saya', 'jual']"
143,terimakasih avoskin aku dapet serum yang ada banyak gumpalan didalamnya terimakasih juga buat responnya yang lama terimakasih avoskin untuk tidak tanggung jawab atas produk yang dijualnya makin seneng kalau beli barang barang cacat di toko officalnya langsung semoga aku cocok yah sama serum yang gak tau aman apa nggak ini terimakasih penerima barang cacat,terima kasih avoskin aku dapat serum yang ada banyak gumpalan didalamnya terima kasih juga buat responnya yang lama terima kasih avoskin untuk tidak tanggung jawab atas produk yang dijualnya makin senang kalau beli barang barang cacat di toko officalnya langsung semoga aku cocok ya sama serum yang enggak tau aman apa enggak ini terima kasih penerima barang cacat,"['terima', 'kasih', 'avoskin', 'aku', 'dapat', 'serum', 'yang', 'ada', 'banyak', 'gumpalan', 'didalamnya', 'terima', 'kasih', 'juga', 'buat', 'responnya', 'yang', 'lama', 'terima', 'kasih', 'avoskin', 'untuk', 'tidak', 'tanggung', 'jawab', 'atas', 'produk', 'yang', 'dijualnya', 'makin', 'senang', 'kalau', 'beli', 'barang', 'barang', 'cacat', 'di', 'toko', 'officalnya', 'langsung', 'semoga', 'aku', 'cocok', 'ya', 'sama', 'serum', 'yang', 'enggak', 'tau', 'aman', 'apa', 'enggak', 'ini', 'terima', 'kasih', 'penerima', 'barang', 'cacat']"
144,gak videoin unboxing tapi salah kirim pesan divine ampoule yang datang malah yang ampoule sheetmask bingung mau komplain bagaimana bisa dicheck stok kalian tidak kalau memang salah kirim,enggak videoin unboxing tapi salah kirim pesan divine ampoule yang datang malah yang ampoule sheetmask bingung mau komplain bagaimana bisa dicheck stok kalian tidak kalau memang salah kirim,"['enggak', 'videoin', 'unboxing', 'tapi', 'salah', 'kirim', 'pesan', 'divine', 'ampoule', 'yang', 'datang', 'malah', 'yang', 'ampoule', 'sheetmask', 'bingung', 'mau', 'komplain', 'bagaimana', 'bisa', 'dicheck', 'stok', 'kalian', 'tidak', 'kalau', 'memang', 'salah', 'kirim']"
145,isinya tumpah semua,isinya tumpah semua,"['isinya', 'tumpah', 'semua']"
146,barang seharusnya isi yg ampoule tidak ada udh isi komplain dan berbagai form komplin yg disediakan pihak avo deal katanya akan dikirim manual kekurangannya saja mohon utk dibatalkan komplainnya  tiba minta dikirim balik akan dipickup barang yg ada di saya udh di repacking dan udh di pickup oleh pihak avoskin sampe skrg status pengiriman balik dari avoskin gak jelas diminta no resi di cek not found dichat lg  dikirim resi yg berbeda aneh bukan slowrespon banget,barang seharusnya isi yang ampoule tidak ada sudah isi komplain dan berbagai form komplin yang disediakan pihak avo deal katanya akan dikirim manual kekurangannya saja mohon untuk dibatalkan komplainnya  tiba meminta dikirim balik akan dipickup barang yang ada di saya sudah di repacking dan sudah di pickup oleh pihak avoskin sampai sekarang status pengiriman balik dari avoskin enggak jelas diminta no resi di cek not found dichat lagi  dikirim resi yang berbeda aneh bukan slowrespon banget,"['barang', 'seharusnya', 'isi', 'yang', 'ampoule', 'tidak', 'ada', 'sudah', 'isi', 'komplain', 'dan', 'berbagai', 'form', 'komplin', 'yang', 'disediakan', 'pihak', 'avo', 'deal', 'katanya', 'akan', 'dikirim', 'manual', 'kekurangannya', 'saja', 'mohon', 'untuk', 'dibatalkan', 'komplainnya', 'tiba', 'meminta', 'dikirim', 'balik', 'akan', 'dipickup', 'barang', 'yang', 'ada', 'di', 'saya', 'sudah', 'di', 'repacking', 'dan', 'sudah', 'di', 'pickup', 'oleh', 'pihak', 'avoskin', 'sampai', 'sekarang', 'status', 'pengiriman', 'balik', 'dari', 'avoskin', 'enggak', 'jelas', 'diminta', 'no', 'resi', 'di', 'cek', 'not', 'found', 'dichat', 'lagi', 'dikirim', 'resi', 'yang', 'berbeda', 'aneh', 'bukan', 'slowrespon', 'banget']"
147,beli bulan juni untuk stok karena emang langganan sama avoskin dan emang bagus tapi beli yang ke exp nya cuma sampai bulan jadi ga kepakai sama sekali tolong pihak toko perhatian lagi barang yang dijual sudah banyak complain mengenai exp barang,beli bulan juni untuk stok karena memang langganan sama avoskin dan memang bagus tapi beli yang ke exp nya cuma sampai bulan jadi enggak kepakai sama sekali tolong pihak toko perhatian lagi barang yang dijual sudah banyak complain mengenai exp barang,"['beli', 'bulan', 'juni', 'untuk', 'stok', 'karena', 'memang', 'langganan', 'sama', 'avoskin', 'dan', 'memang', 'bagus', 'tapi', 'beli', 'yang', 'ke', 'exp', 'nya', 'cuma', 'sampai', 'bulan', 'jadi', 'enggak', 'kepakai', 'sama', 'sekali', 'tolong', 'pihak', 'toko', 'perhatian', 'lagi', 'barang', 'yang', 'dijual', 'sudah', 'banyak', 'complain', 'mengenai', 'exp', 'barang']"
148,harga mahal padahal toko official tp menjual barang exp date dan sebelum dikirim sudah minta exp date yang masih panjang tapi ternyata tidak dipenuhi,harga mahal padahal toko official tapi menjual barang exp date dan sebelum dikirim sudah meminta exp date yang masih panjang tapi ternyata tidak dipenuhi,"['harga', 'mahal', 'padahal', 'toko', 'official', 'tapi', 'menjual', 'barang', 'exp', 'date', 'dan', 'sebelum', 'dikirim', 'sudah', 'meminta', 'exp', 'date', 'yang', 'masih', 'panjang', 'tapi', 'ternyata', 'tidak', 'dipenuhi']"
149,nyelotipnya langsung ke produk jadi lengket coklat kena produknya,nyelotipnya langsung ke produk jadi lengket coklat kena produknya,"['nyelotipnya', 'langsung', 'ke', 'produk', 'jadi', 'lengket', 'coklat', 'kena', 'produknya']"
