,Review,Review_norm,review_tokens,review_tokens_SR,review_tokens_stemmed
0,it  beautiful package bintang buat safety nya,itu  beautiful package bintang buat safety nya,"['itu', 'beautiful', 'package', 'bintang', 'buat', 'safety', 'nya']","['beautiful', 'package', 'bintang', 'buat', 'safety', 'nya']","['beautiful', 'package', 'bintang', 'buat', 'safety', 'nya']"
1,tipe kulitku kering,tipe kulitku kering,"['tipe', 'kulitku', 'kering']","['tipe', 'kulitku', 'kering']","['tipe', 'kulit', 'kering']"
2,pengiriman agak lama karena beda provinsi tapi gapapa packingnya aman banget semoga cocok dan bisa memperbaiki kulit aku tipe kulitku berminyak,pengiriman agak lama karena beda provinsi tapi gapapa packingnya aman banget semoga cocok dan bisa memperbaiki kulit aku tipe kulitku berminyak,"['pengiriman', 'agak', 'lama', 'karena', 'beda', 'provinsi', 'tapi', 'gapapa', 'packingnya', 'aman', 'banget', 'semoga', 'cocok', 'dan', 'bisa', 'memperbaiki', 'kulit', 'aku', 'tipe', 'kulitku', 'berminyak']","['pengiriman', 'lama', 'beda', 'provinsi', 'gapapa', 'packingnya', 'aman', 'banget', 'semoga', 'cocok', 'memperbaiki', 'kulit', 'aku', 'tipe', 'kulitku', 'berminyak']","['kirim', 'lama', 'beda', 'provinsi', 'gapapa', 'packingnya', 'aman', 'banget', 'moga', 'cocok', 'baik', 'kulit', 'aku', 'tipe', 'kulit', 'minyak']"
3,top,top,['top'],['top'],['top']
4,tipe kulitku berminyak tipe kulitku kering tipe kulitku normal tipe kulitku kombinasi masalah kulitku kerutan masalah kulitku jerawat masalah kulitku pori besar tipe kulitku sensitif,tipe kulitku berminyak tipe kulitku kering tipe kulitku normal tipe kulitku kombinasi masalah kulitku kerutan masalah kulitku jerawat masalah kulitku pori besar tipe kulitku sensitif,"['tipe', 'kulitku', 'berminyak', 'tipe', 'kulitku', 'kering', 'tipe', 'kulitku', 'normal', 'tipe', 'kulitku', 'kombinasi', 'masalah', 'kulitku', 'kerutan', 'masalah', 'kulitku', 'jerawat', 'masalah', 'kulitku', 'pori', 'besar', 'tipe', 'kulitku', 'sensitif']","['tipe', 'kulitku', 'berminyak', 'tipe', 'kulitku', 'kering', 'tipe', 'kulitku', 'normal', 'tipe', 'kulitku', 'kombinasi', 'masalah', 'kulitku', 'kerutan', 'masalah', 'kulitku', 'jerawat', 'masalah', 'kulitku', 'pori', 'besar', 'tipe', 'kulitku', 'sensitif']","['tipe', 'kulit', 'minyak', 'tipe', 'kulit', 'kering', 'tipe', 'kulit', 'normal', 'tipe', 'kulit', 'kombinasi', 'masalah', 'kulit', 'kerut', 'masalah', 'kulit', 'jerawat', 'masalah', 'kulit', 'pori', 'besar', 'tipe', 'kulit', 'sensitif']"
5,exp,exp,['exp'],['exp'],['exp']
6,no review found,no review found,"['no', 'review', 'found']","['no', 'review', 'found']","['no', 'review', 'found']"
7,pertama banget dulu sih beli bagus bgt ya di muka waktu itu kemasan masih biru mungkin sktr tahun yang lalu masih belum viral perskincare an semenjak hamil ud stop pake produk bayi aja ini mau coba lagi karena kangen sensasinya waktu make dulu emang feelnya beda tp smga ngaruh di jerawat yg suka muncul tiba tiba,pertama banget dulu sih beli bagus banget ya di muka waktu itu kemasan masih biru mungkin sekitar tahun yang lalu masih belum viral perskincare an semenjak hamil sudah stop pakai produk bayi saja ini mau coba lagi karena kangen sensasinya waktu memakai dulu memang feelnya beda tapi semoga ngaruh di jerawat yang suka muncul tiba tiba,"['pertama', 'banget', 'dulu', 'sih', 'beli', 'bagus', 'banget', 'ya', 'di', 'muka', 'waktu', 'itu', 'kemasan', 'masih', 'biru', 'mungkin', 'sekitar', 'tahun', 'yang', 'lalu', 'masih', 'belum', 'viral', 'perskincare', 'an', 'semenjak', 'hamil', 'sudah', 'stop', 'pakai', 'produk', 'bayi', 'saja', 'ini', 'mau', 'coba', 'lagi', 'karena', 'kangen', 'sensasinya', 'waktu', 'memakai', 'dulu', 'memang', 'feelnya', 'beda', 'tapi', 'semoga', 'ngaruh', 'di', 'jerawat', 'yang', 'suka', 'muncul', 'tiba', 'tiba']","['pertama', 'banget', 'dulu', 'sih', 'beli', 'bagus', 'banget', 'muka', 'waktu', 'kemasan', 'biru', 'mungkin', 'tahun', 'lalu', 'viral', 'perskincare', 'an', 'semenjak', 'hamil', 'stop', 'pakai', 'produk', 'bayi', 'mau', 'coba', 'kangen', 'sensasinya', 'waktu', 'memakai', 'dulu', 'memang', 'feelnya', 'beda', 'semoga', 'ngaruh', 'jerawat', 'suka', 'muncul', 'tiba', 'tiba']","['pertama', 'banget', 'dulu', 'sih', 'beli', 'bagus', 'banget', 'muka', 'waktu', 'kemas', 'biru', 'mungkin', 'tahun', 'lalu', 'viral', 'perskincare', 'an', 'semenjak', 'hamil', 'stop', 'pakai', 'produk', 'bayi', 'mau', 'coba', 'kangen', 'sensasi', 'waktu', 'pakai', 'dulu', 'memang', 'feelnya', 'beda', 'moga', 'ngaruh', 'jerawat', 'suka', 'muncul', 'tiba', 'tiba']"
8,tipe kulitku berminyak,tipe kulitku berminyak,"['tipe', 'kulitku', 'berminyak']","['tipe', 'kulitku', 'berminyak']","['tipe', 'kulit', 'minyak']"
9,tipe kulitku berminyak masalah kulitku pori besar,tipe kulitku berminyak masalah kulitku pori besar,"['tipe', 'kulitku', 'berminyak', 'masalah', 'kulitku', 'pori', 'besar']","['tipe', 'kulitku', 'berminyak', 'masalah', 'kulitku', 'pori', 'besar']","['tipe', 'kulit', 'minyak', 'masalah', 'kulit', 'pori', 'besar']"
10,tipe kulitku berminyak tipe kulitku normal tipe kulitku kering tipe kulitku kombinasi masalah kulitku jerawat masalah kulitku kerutan masalah kulitku pori besar tipe kulitku sensitif,tipe kulitku berminyak tipe kulitku normal tipe kulitku kering tipe kulitku kombinasi masalah kulitku jerawat masalah kulitku kerutan masalah kulitku pori besar tipe kulitku sensitif,"['tipe', 'kulitku', 'berminyak', 'tipe', 'kulitku', 'normal', 'tipe', 'kulitku', 'kering', 'tipe', 'kulitku', 'kombinasi', 'masalah', 'kulitku', 'jerawat', 'masalah', 'kulitku', 'kerutan', 'masalah', 'kulitku', 'pori', 'besar', 'tipe', 'kulitku', 'sensitif']","['tipe', 'kulitku', 'berminyak', 'tipe', 'kulitku', 'normal', 'tipe', 'kulitku', 'kering', 'tipe', 'kulitku', 'kombinasi', 'masalah', 'kulitku', 'jerawat', 'masalah', 'kulitku', 'kerutan', 'masalah', 'kulitku', 'pori', 'besar', 'tipe', 'kulitku', 'sensitif']","['tipe', 'kulit', 'minyak', 'tipe', 'kulit', 'normal', 'tipe', 'kulit', 'kering', 'tipe', 'kulit', 'kombinasi', 'masalah', 'kulit', 'jerawat', 'masalah', 'kulit', 'kerut', 'masalah', 'kulit', 'pori', 'besar', 'tipe', 'kulit', 'sensitif']"
11,barang sesuai pesanan,barang sesuai pesanan,"['barang', 'sesuai', 'pesanan']","['barang', 'sesuai', 'pesanan']","['barang', 'sesuai', 'pesan']"
12,pengiriman oke saran untuk facial wash nya mungkin perlu ditambahkan fragrance biar baunya lebih enak soalnya baunya kurang begitu nyama digunakan,pengiriman oke saran untuk facial wash nya mungkin perlu ditambahkan fragrance biar baunya lebih enak soalnya baunya kurang begitu nyaman digunakan,"['pengiriman', 'oke', 'saran', 'untuk', 'facial', 'wash', 'nya', 'mungkin', 'perlu', 'ditambahkan', 'fragrance', 'biar', 'baunya', 'lebih', 'enak', 'soalnya', 'baunya', 'kurang', 'begitu', 'nyaman', 'digunakan']","['pengiriman', 'oke', 'saran', 'facial', 'wash', 'nya', 'mungkin', 'perlu', 'ditambahkan', 'fragrance', 'biar', 'baunya', 'lebih', 'enak', 'soalnya', 'baunya', 'kurang', 'nyaman', 'digunakan']","['kirim', 'oke', 'saran', 'facial', 'wash', 'nya', 'mungkin', 'perlu', 'tambah', 'fragrance', 'biar', 'bau', 'lebih', 'enak', 'soal', 'bau', 'kurang', 'nyaman', 'guna']"
13,moga cocok soalnya dulu cocok bgt pake ini,moga cocok soalnya dulu cocok banget pakai ini,"['moga', 'cocok', 'soalnya', 'dulu', 'cocok', 'banget', 'pakai', 'ini']","['moga', 'cocok', 'soalnya', 'dulu', 'cocok', 'banget', 'pakai']","['moga', 'cocok', 'soal', 'dulu', 'cocok', 'banget', 'pakai']"
14,pengiriman cepat mantabbb,pengiriman cepat mantap,"['pengiriman', 'cepat', 'mantap']","['pengiriman', 'cepat', 'mantap']","['kirim', 'cepat', 'mantap']"
15,alhamdulillah udh smp barangnya dan pengemasan barangnya juga ok thank you kurir sicepat team avoskin,alhamdulillah sudah sampai barangnya dan pengemasan barangnya juga ok thank you kurir sicepat team avoskin,"['alhamdulillah', 'sudah', 'sampai', 'barangnya', 'dan', 'pengemasan', 'barangnya', 'juga', 'ok', 'thank', 'you', 'kurir', 'sicepat', 'team', 'avoskin']","['alhamdulillah', 'barangnya', 'pengemasan', 'barangnya', 'thank', 'you', 'kurir', 'sicepat', 'team', 'avoskin']","['alhamdulillah', 'barang', 'emas', 'barang', 'thank', 'you', 'kurir', 'sicepat', 'team', 'avoskin']"
16,bahannya gampang menyerap,bahannya gampang menyerap,"['bahannya', 'gampang', 'menyerap']","['bahannya', 'gampang', 'menyerap']","['bahan', 'gampang', 'serap']"
17,bagussss,bagus,['bagus'],['bagus'],['bagus']
18,baguusssssss,bagus,['bagus'],['bagus'],['bagus']
19,okelahhhhhhhh,oke,['oke'],['oke'],['oke']
20,dapat gratis mini pouch makasih semoga cocok,dapat gratis mini pouch terima kasih semoga cocok,"['dapat', 'gratis', 'mini', 'pouch', 'terima', 'kasih', 'semoga', 'cocok']","['gratis', 'mini', 'pouch', 'terima', 'kasih', 'semoga', 'cocok']","['gratis', 'mini', 'pouch', 'terima', 'kasih', 'moga', 'cocok']"
21,alhamdulillah barangnya udah sampai semoga ccok dan selau dpt harga diskon yess,alhamdulillah barangnya sudah sampai semoga cocok dan selau dapat harga diskon yes,"['alhamdulillah', 'barangnya', 'sudah', 'sampai', 'semoga', 'cocok', 'dan', 'selau', 'dapat', 'harga', 'diskon', 'yes']","['alhamdulillah', 'barangnya', 'semoga', 'cocok', 'selau', 'harga', 'diskon', 'yes']","['alhamdulillah', 'barang', 'moga', 'cocok', 'selau', 'harga', 'diskon', 'yes']"
22,cocok sama produknya,cocok sama produknya,"['cocok', 'sama', 'produknya']","['cocok', 'sama', 'produknya']","['cocok', 'sama', 'produk']"
23,sudah berkali kali beli di toko official ini dan setiap kali pembelian selalu amanah thx,sudah berkali kali beli di toko official ini dan setiap kali pembelian selalu amanah thanks,"['sudah', 'berkali', 'kali', 'beli', 'di', 'toko', 'official', 'ini', 'dan', 'setiap', 'kali', 'pembelian', 'selalu', 'amanah', 'thanks']","['berkali', 'kali', 'beli', 'toko', 'official', 'kali', 'pembelian', 'selalu', 'amanah', 'thanks']","['kali', 'kali', 'beli', 'toko', 'official', 'kali', 'beli', 'selalu', 'amanah', 'thanks']"
24,barang nya oke,barang nya oke,"['barang', 'nya', 'oke']","['barang', 'nya', 'oke']","['barang', 'nya', 'oke']"
25,repeat order,repeat order,"['repeat', 'order']","['repeat', 'order']","['repeat', 'order']"
26,masalah kulitku pori besar,masalah kulitku pori besar,"['masalah', 'kulitku', 'pori', 'besar']","['masalah', 'kulitku', 'pori', 'besar']","['masalah', 'kulit', 'pori', 'besar']"
27,ini beda nih dari pertama beli  first time nyobain jatuh cinta bgt waktu itu pilih shade strawberrypine sama raspberry muffin trus ini pembelian kedua ngerasa ini formulanya beda bgt ini lebih berminyak tapi short lasting  masa iya abis minum aer ilang lah coba itu rugi dong udahlah aku pindah haluan aja byeee,ini beda nih dari pertama beli  first time mencoba jatuh cinta banget waktu itu pilih shade strawberrypine sama raspberry muffin terus ini pembelian kedua merasa ini formulanya beda banget ini lebih berminyak tapi short lasting  masa iya habis minum air hilang lah coba itu rugi dong sudahlah aku pindah haluan saja byeee,"['ini', 'beda', 'nih', 'dari', 'pertama', 'beli', 'first', 'time', 'mencoba', 'jatuh', 'cinta', 'banget', 'waktu', 'itu', 'pilih', 'shade', 'strawberrypine', 'sama', 'raspberry', 'muffin', 'terus', 'ini', 'pembelian', 'kedua', 'merasa', 'ini', 'formulanya', 'beda', 'banget', 'ini', 'lebih', 'berminyak', 'tapi', 'short', 'lasting', 'masa', 'iya', 'habis', 'minum', 'air', 'hilang', 'lah', 'coba', 'itu', 'rugi', 'dong', 'sudahlah', 'aku', 'pindah', 'haluan', 'saja', 'byeee']","['beda', 'nih', 'pertama', 'beli', 'first', 'time', 'mencoba', 'jatuh', 'cinta', 'banget', 'waktu', 'pilih', 'shade', 'strawberrypine', 'sama', 'raspberry', 'muffin', 'terus', 'pembelian', 'kedua', 'merasa', 'formulanya', 'beda', 'banget', 'lebih', 'berminyak', 'short', 'lasting', 'masa', 'iya', 'habis', 'minum', 'air', 'hilang', 'lah', 'coba', 'rugi', 'dong', 'sudahlah', 'aku', 'pindah', 'haluan', 'byeee']","['beda', 'nih', 'pertama', 'beli', 'first', 'time', 'coba', 'jatuh', 'cinta', 'banget', 'waktu', 'pilih', 'shade', 'strawberrypine', 'sama', 'raspberry', 'muffin', 'terus', 'beli', 'dua', 'rasa', 'formula', 'beda', 'banget', 'lebih', 'minyak', 'short', 'lasting', 'masa', 'iya', 'habis', 'minum', 'air', 'hilang', 'lah', 'coba', 'rugi', 'dong', 'sudah', 'aku', 'pindah', 'haluan', 'byeee']"
28,tipe kulitku berminyak tipe kulitku sensitif masalah kulitku jerawat masalah kulitku pori besar overall worth it,tipe kulitku berminyak tipe kulitku sensitif masalah kulitku jerawat masalah kulitku pori besar overall worth itu,"['tipe', 'kulitku', 'berminyak', 'tipe', 'kulitku', 'sensitif', 'masalah', 'kulitku', 'jerawat', 'masalah', 'kulitku', 'pori', 'besar', 'overall', 'worth', 'itu']","['tipe', 'kulitku', 'berminyak', 'tipe', 'kulitku', 'sensitif', 'masalah', 'kulitku', 'jerawat', 'masalah', 'kulitku', 'pori', 'besar', 'overall', 'worth']","['tipe', 'kulit', 'minyak', 'tipe', 'kulit', 'sensitif', 'masalah', 'kulit', 'jerawat', 'masalah', 'kulit', 'pori', 'besar', 'overall', 'worth']"
29,kecepatan pengiriman baik ada bubble warp,kecepatan pengiriman baik ada bubble warp,"['kecepatan', 'pengiriman', 'baik', 'ada', 'bubble', 'warp']","['kecepatan', 'pengiriman', 'baik', 'bubble', 'warp']","['cepat', 'kirim', 'baik', 'bubble', 'warp']"
30,tipe kulitku sensitif masalah kulitku jerawat masalah kulitku pori besar,tipe kulitku sensitif masalah kulitku jerawat masalah kulitku pori besar,"['tipe', 'kulitku', 'sensitif', 'masalah', 'kulitku', 'jerawat', 'masalah', 'kulitku', 'pori', 'besar']","['tipe', 'kulitku', 'sensitif', 'masalah', 'kulitku', 'jerawat', 'masalah', 'kulitku', 'pori', 'besar']","['tipe', 'kulit', 'sensitif', 'masalah', 'kulit', 'jerawat', 'masalah', 'kulit', 'pori', 'besar']"
31,dpt harga ceban yay blm dicoba,dapat harga ceban yay belum dicoba,"['dapat', 'harga', 'ceban', 'yay', 'belum', 'dicoba']","['harga', 'ceban', 'yay', 'dicoba']","['harga', 'ceban', 'yay', 'coba']"
32,pembelian kesekian kalinya cocok di muka apalagi klo pas jerawatan kulitnya tetep bs bnafas,pembelian kesekian kalinya cocok di muka apalagi kalo pas jerawatan kulitnya tetap bisa bnafas,"['pembelian', 'kesekian', 'kalinya', 'cocok', 'di', 'muka', 'apalagi', 'kalo', 'pas', 'jerawatan', 'kulitnya', 'tetap', 'bisa', 'bnafas']","['pembelian', 'kesekian', 'kalinya', 'cocok', 'muka', 'kalo', 'pas', 'jerawatan', 'kulitnya', 'tetap', 'bnafas']","['beli', 'sekian', 'kali', 'cocok', 'muka', 'kalo', 'pas', 'jerawat', 'kulit', 'tetap', 'bnafas']"
33,ternyata dapet ya baru pertama kali semoga cocok,ternyata dapat ya baru pertama kali semoga cocok,"['ternyata', 'dapat', 'ya', 'baru', 'pertama', 'kali', 'semoga', 'cocok']","['ternyata', 'baru', 'pertama', 'kali', 'semoga', 'cocok']","['nyata', 'baru', 'pertama', 'kali', 'moga', 'cocok']"
34,mudahan cocok terima kasih,mudahan cocok terima kasih,"['mudahan', 'cocok', 'terima', 'kasih']","['mudahan', 'cocok', 'terima', 'kasih']","['mudah', 'cocok', 'terima', 'kasih']"
35,udh sering beli ini dan selalu cocok,sudah sering beli ini dan selalu cocok,"['sudah', 'sering', 'beli', 'ini', 'dan', 'selalu', 'cocok']","['sering', 'beli', 'selalu', 'cocok']","['sering', 'beli', 'selalu', 'cocok']"
36,barang datang dengan selamat walau agak lama datangnya,barang datang dengan selamat walau agak lama datangnya,"['barang', 'datang', 'dengan', 'selamat', 'walau', 'agak', 'lama', 'datangnya']","['barang', 'datang', 'selamat', 'lama', 'datangnya']","['barang', 'datang', 'selamat', 'lama', 'datang']"
37,packing nya bagus bgt utk cream dg hrg segitu tekstur ringan cepet meresap di kulit ga ada bau menyengat samsek semoga cocok di kulit aku yg kering tp bruntusan tq,packing nya bagus banget untuk cream dengan harga segitu tekstur ringan cepat meresap di kulit enggak ada bau menyengat sama sekali semoga cocok di kulit aku yang kering tapi bruntusan terima kasih,"['packing', 'nya', 'bagus', 'banget', 'untuk', 'cream', 'dengan', 'harga', 'segitu', 'tekstur', 'ringan', 'cepat', 'meresap', 'di', 'kulit', 'enggak', 'ada', 'bau', 'menyengat', 'sama', 'sekali', 'semoga', 'cocok', 'di', 'kulit', 'aku', 'yang', 'kering', 'tapi', 'bruntusan', 'terima', 'kasih']","['packing', 'nya', 'bagus', 'banget', 'cream', 'harga', 'segitu', 'tekstur', 'ringan', 'cepat', 'meresap', 'kulit', 'enggak', 'bau', 'menyengat', 'sama', 'sekali', 'semoga', 'cocok', 'kulit', 'aku', 'kering', 'bruntusan', 'terima', 'kasih']","['packing', 'nya', 'bagus', 'banget', 'cream', 'harga', 'segitu', 'tekstur', 'ringan', 'cepat', 'resap', 'kulit', 'enggak', 'bau', 'sengat', 'sama', 'sekali', 'moga', 'cocok', 'kulit', 'aku', 'kering', 'bruntusan', 'terima', 'kasih']"
38,terima kasih,terima kasih,"['terima', 'kasih']","['terima', 'kasih']","['terima', 'kasih']"
39,bahannya ringan mudah menyerap cocok di kulit aku yg berjerawat gak bikin breakout the best pokoknya,bahannya ringan mudah menyerap cocok di kulit aku yang berjerawat enggak bikin breakout the best pokoknya,"['bahannya', 'ringan', 'mudah', 'menyerap', 'cocok', 'di', 'kulit', 'aku', 'yang', 'berjerawat', 'enggak', 'bikin', 'breakout', 'the', 'best', 'pokoknya']","['bahannya', 'ringan', 'mudah', 'menyerap', 'cocok', 'kulit', 'aku', 'berjerawat', 'enggak', 'bikin', 'breakout', 'the', 'best', 'pokoknya']","['bahan', 'ringan', 'mudah', 'serap', 'cocok', 'kulit', 'aku', 'jerawat', 'enggak', 'bikin', 'breakout', 'the', 'best', 'pokok']"
40,tipe kulitku kombinasi masalah kulitku jerawat,tipe kulitku kombinasi masalah kulitku jerawat,"['tipe', 'kulitku', 'kombinasi', 'masalah', 'kulitku', 'jerawat']","['tipe', 'kulitku', 'kombinasi', 'masalah', 'kulitku', 'jerawat']","['tipe', 'kulit', 'kombinasi', 'masalah', 'kulit', 'jerawat']"
41,tipe kulitku kombinasi,tipe kulitku kombinasi,"['tipe', 'kulitku', 'kombinasi']","['tipe', 'kulitku', 'kombinasi']","['tipe', 'kulit', 'kombinasi']"
42,tipe kulitku berminyak masalah kulitku pori besar original terimakasih,tipe kulitku berminyak masalah kulitku pori besar original terima kasih,"['tipe', 'kulitku', 'berminyak', 'masalah', 'kulitku', 'pori', 'besar', 'original', 'terima', 'kasih']","['tipe', 'kulitku', 'berminyak', 'masalah', 'kulitku', 'pori', 'besar', 'original', 'terima', 'kasih']","['tipe', 'kulit', 'minyak', 'masalah', 'kulit', 'pori', 'besar', 'original', 'terima', 'kasih']"
43,bahannya ringan cocok digunakan,bahannya ringan cocok digunakan,"['bahannya', 'ringan', 'cocok', 'digunakan']","['bahannya', 'ringan', 'cocok', 'digunakan']","['bahan', 'ringan', 'cocok', 'guna']"
44,tipe kulitku berminyak baru mau nyoba makai ini tapi sebelumnya nyoba punya temen cocokkk,tipe kulitku berminyak baru mau mencoba makai ini tapi sebelumnya mencoba punya teman cocok,"['tipe', 'kulitku', 'berminyak', 'baru', 'mau', 'mencoba', 'makai', 'ini', 'tapi', 'sebelumnya', 'mencoba', 'punya', 'teman', 'cocok']","['tipe', 'kulitku', 'berminyak', 'baru', 'mau', 'mencoba', 'makai', 'sebelumnya', 'mencoba', 'punya', 'teman', 'cocok']","['tipe', 'kulit', 'minyak', 'baru', 'mau', 'coba', 'maka', 'belum', 'coba', 'punya', 'teman', 'cocok']"
45,barang datang sesuai packing nya aman serta pengiriman cepat,barang datang sesuai packing nya aman serta pengiriman cepat,"['barang', 'datang', 'sesuai', 'packing', 'nya', 'aman', 'serta', 'pengiriman', 'cepat']","['barang', 'datang', 'sesuai', 'packing', 'nya', 'aman', 'pengiriman', 'cepat']","['barang', 'datang', 'sesuai', 'packing', 'nya', 'aman', 'kirim', 'cepat']"
46,berasa cerah jika sudah pakai cuman di aku jadi bkin kering jadi mesti pake pelembab muka lg,berasa cerah jika sudah pakai cuman di aku jadi bikin kering jadi mesti pakai pelembab muka lagi,"['berasa', 'cerah', 'jika', 'sudah', 'pakai', 'cuman', 'di', 'aku', 'jadi', 'bikin', 'kering', 'jadi', 'mesti', 'pakai', 'pelembab', 'muka', 'lagi']","['berasa', 'cerah', 'pakai', 'cuman', 'aku', 'jadi', 'bikin', 'kering', 'jadi', 'mesti', 'pakai', 'pelembab', 'muka']","['asa', 'cerah', 'pakai', 'cuman', 'aku', 'jadi', 'bikin', 'kering', 'jadi', 'mesti', 'pakai', 'pelembab', 'muka']"
47,udah beberapa tahun pake emang cocok karena ga white cast gitu nyaman ringan juga thanks seller tipe kulitku kombinasi,sudah beberapa tahun pakai memang cocok karena enggak white cast begitu nyaman ringan juga thanks seller tipe kulitku kombinasi,"['sudah', 'beberapa', 'tahun', 'pakai', 'memang', 'cocok', 'karena', 'enggak', 'white', 'cast', 'begitu', 'nyaman', 'ringan', 'juga', 'thanks', 'seller', 'tipe', 'kulitku', 'kombinasi']","['beberapa', 'tahun', 'pakai', 'memang', 'cocok', 'enggak', 'white', 'cast', 'nyaman', 'ringan', 'thanks', 'seller', 'tipe', 'kulitku', 'kombinasi']","['beberapa', 'tahun', 'pakai', 'memang', 'cocok', 'enggak', 'white', 'cast', 'nyaman', 'ringan', 'thanks', 'seller', 'tipe', 'kulit', 'kombinasi']"
48,warnanya cantik bangettt,warnanya cantik banget,"['warnanya', 'cantik', 'banget']","['warnanya', 'cantik', 'banget']","['warna', 'cantik', 'banget']"
49,cocok di tipe kulitku kombinasi,cocok di tipe kulitku kombinasi,"['cocok', 'di', 'tipe', 'kulitku', 'kombinasi']","['cocok', 'tipe', 'kulitku', 'kombinasi']","['cocok', 'tipe', 'kulit', 'kombinasi']"
50,jujur agak panik pas liat dusnya penyok tapi ternyata isinya aman meskipun pas buka dus kemasan tutup botol moist nya agak kurang rapet untung isinya masih aman gak luber kemana mana,jujur agak panik pas lihat dusnya penyok tapi ternyata isinya aman meskipun pas buka dus kemasan tutup botol moist nya agak kurang rapet untung isinya masih aman enggak luber kemana mana,"['jujur', 'agak', 'panik', 'pas', 'lihat', 'dusnya', 'penyok', 'tapi', 'ternyata', 'isinya', 'aman', 'meskipun', 'pas', 'buka', 'dus', 'kemasan', 'tutup', 'botol', 'moist', 'nya', 'agak', 'kurang', 'rapet', 'untung', 'isinya', 'masih', 'aman', 'enggak', 'luber', 'kemana', 'mana']","['jujur', 'panik', 'pas', 'lihat', 'dusnya', 'penyok', 'ternyata', 'isinya', 'aman', 'meskipun', 'pas', 'buka', 'dus', 'kemasan', 'tutup', 'botol', 'moist', 'nya', 'kurang', 'rapet', 'untung', 'isinya', 'aman', 'enggak', 'luber', 'mana']","['jujur', 'panik', 'pas', 'lihat', 'dus', 'penyok', 'nyata', 'isi', 'aman', 'meski', 'pas', 'buka', 'dus', 'kemas', 'tutup', 'botol', 'moist', 'nya', 'kurang', 'rapet', 'untung', 'isi', 'aman', 'enggak', 'luber', 'mana']"
51,jujur agak panik pas liat dusnya penyok tapi ternyata isinya aman meskipun pas buka dus kemasan tutup botol moist nya agak kurang rapet untung isinya masih aman gak luber kemana mana baru sekali pake produk yang ini oke banget pas dipake ke kulit cocok suka sama packing barunya,jujur agak panik pas lihat dusnya penyok tapi ternyata isinya aman meskipun pas buka dus kemasan tutup botol moist nya agak kurang rapet untung isinya masih aman enggak luber kemana mana baru sekali pakai produk yang ini oke banget pas dipakai ke kulit cocok suka sama packing barunya,"['jujur', 'agak', 'panik', 'pas', 'lihat', 'dusnya', 'penyok', 'tapi', 'ternyata', 'isinya', 'aman', 'meskipun', 'pas', 'buka', 'dus', 'kemasan', 'tutup', 'botol', 'moist', 'nya', 'agak', 'kurang', 'rapet', 'untung', 'isinya', 'masih', 'aman', 'enggak', 'luber', 'kemana', 'mana', 'baru', 'sekali', 'pakai', 'produk', 'yang', 'ini', 'oke', 'banget', 'pas', 'dipakai', 'ke', 'kulit', 'cocok', 'suka', 'sama', 'packing', 'barunya']","['jujur', 'panik', 'pas', 'lihat', 'dusnya', 'penyok', 'ternyata', 'isinya', 'aman', 'meskipun', 'pas', 'buka', 'dus', 'kemasan', 'tutup', 'botol', 'moist', 'nya', 'kurang', 'rapet', 'untung', 'isinya', 'aman', 'enggak', 'luber', 'mana', 'baru', 'sekali', 'pakai', 'produk', 'oke', 'banget', 'pas', 'dipakai', 'kulit', 'cocok', 'suka', 'sama', 'packing', 'barunya']","['jujur', 'panik', 'pas', 'lihat', 'dus', 'penyok', 'nyata', 'isi', 'aman', 'meski', 'pas', 'buka', 'dus', 'kemas', 'tutup', 'botol', 'moist', 'nya', 'kurang', 'rapet', 'untung', 'isi', 'aman', 'enggak', 'luber', 'mana', 'baru', 'sekali', 'pakai', 'produk', 'oke', 'banget', 'pas', 'pakai', 'kulit', 'cocok', 'suka', 'sama', 'packing', 'baru']"
52,cocok di kulit berminyak kemasannya lucu,cocok di kulit berminyak kemasannya lucu,"['cocok', 'di', 'kulit', 'berminyak', 'kemasannya', 'lucu']","['cocok', 'kulit', 'berminyak', 'kemasannya', 'lucu']","['cocok', 'kulit', 'minyak', 'kemas', 'lucu']"
53,bahannya ringan cepet meresap terus packaging nya ok banget,bahannya ringan cepat meresap terus packaging nya ok banget,"['bahannya', 'ringan', 'cepat', 'meresap', 'terus', 'packaging', 'nya', 'ok', 'banget']","['bahannya', 'ringan', 'cepat', 'meresap', 'terus', 'packaging', 'nya', 'banget']","['bahan', 'ringan', 'cepat', 'resap', 'terus', 'packaging', 'nya', 'banget']"
54,terima kasih banyak paket sudah sampai dengan selamat,terima kasih banyak paket sudah sampai dengan selamat,"['terima', 'kasih', 'banyak', 'paket', 'sudah', 'sampai', 'dengan', 'selamat']","['terima', 'kasih', 'banyak', 'paket', 'selamat']","['terima', 'kasih', 'banyak', 'paket', 'selamat']"
55,barang bagus sesuai packing mantap terima kasih,barang bagus sesuai packing mantap terima kasih,"['barang', 'bagus', 'sesuai', 'packing', 'mantap', 'terima', 'kasih']","['barang', 'bagus', 'sesuai', 'packing', 'mantap', 'terima', 'kasih']","['barang', 'bagus', 'sesuai', 'packing', 'mantap', 'terima', 'kasih']"
56,gausah ditanya lagi emang sebagus itu lembab dan bisa bantu pulih skin barier sejauh ini moisturizer yg gak akan ganti lagi,enggak usah ditanya lagi memang sebagus itu lembab dan bisa bantu pulih skin barier sejauh ini moisturizer yang enggak akan ganti lagi,"['enggak', 'usah', 'ditanya', 'lagi', 'memang', 'sebagus', 'itu', 'lembab', 'dan', 'bisa', 'bantu', 'pulih', 'skin', 'barier', 'sejauh', 'ini', 'moisturizer', 'yang', 'enggak', 'akan', 'ganti', 'lagi']","['enggak', 'usah', 'ditanya', 'memang', 'sebagus', 'lembab', 'bantu', 'pulih', 'skin', 'barier', 'sejauh', 'moisturizer', 'enggak', 'ganti']","['enggak', 'usah', 'tanya', 'memang', 'bagus', 'lembab', 'bantu', 'pulih', 'skin', 'barier', 'jauh', 'moisturizer', 'enggak', 'ganti']"
57,produk sangat bangus langsung menyerap dan membuat lembab,produk sangat bangus langsung menyerap dan membuat lembab,"['produk', 'sangat', 'bangus', 'langsung', 'menyerap', 'dan', 'membuat', 'lembab']","['produk', 'sangat', 'bangus', 'langsung', 'menyerap', 'membuat', 'lembab']","['produk', 'sangat', 'bangus', 'langsung', 'serap', 'buat', 'lembab']"
58,udah repurchase berkali produk simple dan efektif packaging jg simple dan aman,sudah repurchase berkali produk simple dan efektif packaging juga simple dan aman,"['sudah', 'repurchase', 'berkali', 'produk', 'simple', 'dan', 'efektif', 'packaging', 'juga', 'simple', 'dan', 'aman']","['repurchase', 'berkali', 'produk', 'simple', 'efektif', 'packaging', 'simple', 'aman']","['repurchase', 'kali', 'produk', 'simple', 'efektif', 'packaging', 'simple', 'aman']"
59,cocok di kulit saya tekstur ringan dan sangat cepat menyerap di kulit super recommended,cocok di kulit saya tekstur ringan dan sangat cepat menyerap di kulit super recommended,"['cocok', 'di', 'kulit', 'saya', 'tekstur', 'ringan', 'dan', 'sangat', 'cepat', 'menyerap', 'di', 'kulit', 'super', 'recommended']","['cocok', 'kulit', 'tekstur', 'ringan', 'sangat', 'cepat', 'menyerap', 'kulit', 'super', 'recommended']","['cocok', 'kulit', 'tekstur', 'ringan', 'sangat', 'cepat', 'serap', 'kulit', 'super', 'recommended']"
60,baru pertama kali beli skin game mudah mudahan cocok,baru pertama kali beli skin game mudah mudahan cocok,"['baru', 'pertama', 'kali', 'beli', 'skin', 'game', 'mudah', 'mudahan', 'cocok']","['baru', 'pertama', 'kali', 'beli', 'skin', 'game', 'mudah', 'mudahan', 'cocok']","['baru', 'pertama', 'kali', 'beli', 'skin', 'game', 'mudah', 'mudah', 'cocok']"
61,akhirnyaaa menemukan moisturizer yg cocokkk moistnya ringan dan cepet menyerap aku udah make tube tube bisa dipake bulan lebih tergantung pemakaiannya,akhirnya menemukan moisturizer yang cocok moistnya ringan dan cepat menyerap aku sudah memakai tube tube bisa dipakai bulan lebih tergantung pemakaiannya,"['akhirnya', 'menemukan', 'moisturizer', 'yang', 'cocok', 'moistnya', 'ringan', 'dan', 'cepat', 'menyerap', 'aku', 'sudah', 'memakai', 'tube', 'tube', 'bisa', 'dipakai', 'bulan', 'lebih', 'tergantung', 'pemakaiannya']","['akhirnya', 'menemukan', 'moisturizer', 'cocok', 'moistnya', 'ringan', 'cepat', 'menyerap', 'aku', 'memakai', 'tube', 'tube', 'dipakai', 'bulan', 'lebih', 'tergantung', 'pemakaiannya']","['akhir', 'temu', 'moisturizer', 'cocok', 'moistnya', 'ringan', 'cepat', 'serap', 'aku', 'pakai', 'tube', 'tube', 'pakai', 'bulan', 'lebih', 'gantung', 'pakai']"
62,baguss semoga cocok,bagus semoga cocok,"['bagus', 'semoga', 'cocok']","['bagus', 'semoga', 'cocok']","['bagus', 'moga', 'cocok']"
63,baru mau dicoba semoga cocok,baru mau dicoba semoga cocok,"['baru', 'mau', 'dicoba', 'semoga', 'cocok']","['baru', 'mau', 'dicoba', 'semoga', 'cocok']","['baru', 'mau', 'coba', 'moga', 'cocok']"
64,produk ori dan aman kakak adminnya juga ramah banget bakal repurchase lagiii deh kayaknya,produk orisinal dan aman kakak adminnya juga ramah banget bakal repurchase lagi deh kayaknya,"['produk', 'orisinal', 'dan', 'aman', 'kakak', 'adminnya', 'juga', 'ramah', 'banget', 'bakal', 'repurchase', 'lagi', 'deh', 'kayaknya']","['produk', 'orisinal', 'aman', 'kakak', 'adminnya', 'ramah', 'banget', 'bakal', 'repurchase', 'deh', 'kayaknya']","['produk', 'orisinal', 'aman', 'kakak', 'adminnya', 'ramah', 'banget', 'bakal', 'repurchase', 'deh', 'kayak']"
65,pengiriman dan pengemasan cepat bgt aman produk sesuai udh pernah coba dan lumayan bikin jerawat cpt mateng thankyou,pengiriman dan pengemasan cepat banget aman produk sesuai sudah pernah coba dan lumayan bikin jerawat cepat mateng thankyou,"['pengiriman', 'dan', 'pengemasan', 'cepat', 'banget', 'aman', 'produk', 'sesuai', 'sudah', 'pernah', 'coba', 'dan', 'lumayan', 'bikin', 'jerawat', 'cepat', 'mateng', 'thankyou']","['pengiriman', 'pengemasan', 'cepat', 'banget', 'aman', 'produk', 'sesuai', 'pernah', 'coba', 'lumayan', 'bikin', 'jerawat', 'cepat', 'mateng', 'thankyou']","['kirim', 'emas', 'cepat', 'banget', 'aman', 'produk', 'sesuai', 'pernah', 'coba', 'lumayan', 'bikin', 'jerawat', 'cepat', 'mateng', 'thankyou']"
66,baunya agak aneh apek dan bau besi seperti dr tempatnya saya pernah pakai sabun lain yg tanpa bau tp ga pernah spt ini jd kurang nyaman pakainya dan sampai skrg masih ada,baunya agak aneh apek dan bau besi seperti dari tempatnya saya pernah pakai sabun lain yang tanpa bau tapi enggak pernah seperti ini jadi kurang nyaman pakainya dan sampai sekarang masih ada,"['baunya', 'agak', 'aneh', 'apek', 'dan', 'bau', 'besi', 'seperti', 'dari', 'tempatnya', 'saya', 'pernah', 'pakai', 'sabun', 'lain', 'yang', 'tanpa', 'bau', 'tapi', 'enggak', 'pernah', 'seperti', 'ini', 'jadi', 'kurang', 'nyaman', 'pakainya', 'dan', 'sampai', 'sekarang', 'masih', 'ada']","['baunya', 'aneh', 'apek', 'bau', 'besi', 'tempatnya', 'pernah', 'pakai', 'sabun', 'bau', 'enggak', 'pernah', 'jadi', 'kurang', 'nyaman', 'pakainya', 'sekarang']","['bau', 'aneh', 'apek', 'bau', 'besi', 'tempat', 'pernah', 'pakai', 'sabun', 'bau', 'enggak', 'pernah', 'jadi', 'kurang', 'nyaman', 'pakai', 'sekarang']"
67,dari dulu selalu jadi langganan untuk solusi kalau lagi jerawatan bulan ini kebetulan lagi breakout dan tidak pikir lama langsung checkout kembali ini holy grail  love you kembali serebu,dari dulu selalu jadi langganan untuk solusi kalau lagi jerawatan bulan ini kebetulan lagi breakout dan tidak pikir lama langsung checkout kembali ini holy grail  love you kembali serebu,"['dari', 'dulu', 'selalu', 'jadi', 'langganan', 'untuk', 'solusi', 'kalau', 'lagi', 'jerawatan', 'bulan', 'ini', 'kebetulan', 'lagi', 'breakout', 'dan', 'tidak', 'pikir', 'lama', 'langsung', 'checkout', 'kembali', 'ini', 'holy', 'grail', 'love', 'you', 'kembali', 'serebu']","['dulu', 'selalu', 'jadi', 'langganan', 'solusi', 'kalau', 'jerawatan', 'bulan', 'kebetulan', 'breakout', 'pikir', 'lama', 'langsung', 'checkout', 'holy', 'grail', 'love', 'you', 'serebu']","['dulu', 'selalu', 'jadi', 'langgan', 'solusi', 'kalau', 'jerawat', 'bulan', 'betul', 'breakout', 'pikir', 'lama', 'langsung', 'checkout', 'holy', 'grail', 'love', 'you', 'rebu']"
68,barang sampai dgn selamat packagingnya jg aman semoga cocok,barang sampai dengan selamat packagingnya juga aman semoga cocok,"['barang', 'sampai', 'dengan', 'selamat', 'packagingnya', 'juga', 'aman', 'semoga', 'cocok']","['barang', 'selamat', 'packagingnya', 'aman', 'semoga', 'cocok']","['barang', 'selamat', 'packagingnya', 'aman', 'moga', 'cocok']"
69,warna nya kuning entah karena apa,warna nya kuning entah karena apa,"['warna', 'nya', 'kuning', 'entah', 'karena', 'apa']","['warna', 'nya', 'kuning', 'entah', 'apa']","['warna', 'nya', 'kuning', 'entah', 'apa']"
70,baru pertama kali coba semoga cocok thank you seller,baru pertama kali coba semoga cocok thank you seller,"['baru', 'pertama', 'kali', 'coba', 'semoga', 'cocok', 'thank', 'you', 'seller']","['baru', 'pertama', 'kali', 'coba', 'semoga', 'cocok', 'thank', 'you', 'seller']","['baru', 'pertama', 'kali', 'coba', 'moga', 'cocok', 'thank', 'you', 'seller']"
71,barang sampai dgn selamat,barang sampai dengan selamat,"['barang', 'sampai', 'dengan', 'selamat']","['barang', 'selamat']","['barang', 'selamat']"
72,packing rapi dan aman barang sesuai pesenan,packing rapi dan aman barang sesuai pesanan,"['packing', 'rapi', 'dan', 'aman', 'barang', 'sesuai', 'pesanan']","['packing', 'rapi', 'aman', 'barang', 'sesuai', 'pesanan']","['packing', 'rapi', 'aman', 'barang', 'sesuai', 'pesan']"
73,this moisturizer is seriously  game changer  love how one bottle could last me months,this moisturizer is seriously  game changer  love how one bottle could last me months,"['this', 'moisturizer', 'is', 'seriously', 'game', 'changer', 'love', 'how', 'one', 'bottle', 'could', 'last', 'me', 'months']","['this', 'moisturizer', 'is', 'seriously', 'game', 'changer', 'love', 'how', 'one', 'bottle', 'could', 'last', 'me', 'months']","['this', 'moisturizer', 'is', 'seriously', 'game', 'changer', 'love', 'how', 'one', 'bottle', 'could', 'last', 'me', 'months']"
74,baeu nyoba pertama kali smoga bisa cocok krn reviewnya bagus,baru mencoba pertama kali semoga bisa cocok karena reviewnya bagus,"['baru', 'mencoba', 'pertama', 'kali', 'semoga', 'bisa', 'cocok', 'karena', 'reviewnya', 'bagus']","['baru', 'mencoba', 'pertama', 'kali', 'semoga', 'cocok', 'reviewnya', 'bagus']","['baru', 'coba', 'pertama', 'kali', 'moga', 'cocok', 'reviewnya', 'bagus']"
75,mantap sesuaiii semoga cocok,mantap sesuai semoga cocok,"['mantap', 'sesuai', 'semoga', 'cocok']","['mantap', 'sesuai', 'semoga', 'cocok']","['mantap', 'sesuai', 'moga', 'cocok']"
76,tadinya mau beli diofflinestore tp mahal bgt  pas cek dionline store nya cuma  karena dpt potongan sm lg flashsale langsung beli,tadinya mau beli diofflinestore tapi mahal banget  pas cek dionline store nya cuma  karena dapat potongan sama lagi flashsale langsung beli,"['tadinya', 'mau', 'beli', 'diofflinestore', 'tapi', 'mahal', 'banget', 'pas', 'cek', 'dionline', 'store', 'nya', 'cuma', 'karena', 'dapat', 'potongan', 'sama', 'lagi', 'flashsale', 'langsung', 'beli']","['tadinya', 'mau', 'beli', 'diofflinestore', 'mahal', 'banget', 'pas', 'cek', 'dionline', 'store', 'nya', 'cuma', 'potongan', 'sama', 'flashsale', 'langsung', 'beli']","['tadi', 'mau', 'beli', 'diofflinestore', 'mahal', 'banget', 'pas', 'cek', 'dionline', 'store', 'nya', 'cuma', 'potong', 'sama', 'flashsale', 'langsung', 'beli']"
77,makasiihh,terima kasih,"['terima', 'kasih']","['terima', 'kasih']","['terima', 'kasih']"
78,makasih,terima kasih,"['terima', 'kasih']","['terima', 'kasih']","['terima', 'kasih']"
79,makasiihh tp tumben ga ada gift nya,terima kasih tapi tumben enggak ada gift nya,"['terima', 'kasih', 'tapi', 'tumben', 'enggak', 'ada', 'gift', 'nya']","['terima', 'kasih', 'tumben', 'enggak', 'gift', 'nya']","['terima', 'kasih', 'tumben', 'enggak', 'gift', 'nya']"
80,tipe kulitku berminyak masalah kulitku jerawat semoga cocok sama rangkaian ini terimakasih,tipe kulitku berminyak masalah kulitku jerawat semoga cocok sama rangkaian ini terima kasih,"['tipe', 'kulitku', 'berminyak', 'masalah', 'kulitku', 'jerawat', 'semoga', 'cocok', 'sama', 'rangkaian', 'ini', 'terima', 'kasih']","['tipe', 'kulitku', 'berminyak', 'masalah', 'kulitku', 'jerawat', 'semoga', 'cocok', 'sama', 'rangkaian', 'terima', 'kasih']","['tipe', 'kulit', 'minyak', 'masalah', 'kulit', 'jerawat', 'moga', 'cocok', 'sama', 'rangkai', 'terima', 'kasih']"
81,stlh semingguan pke muka jd bruntusan gtw emng efek samping pemakaian ato emng ga cocok,setelah semingguan pakai muka jadi bruntusan enggak tau memang efek samping pemakaian atau memang enggak cocok,"['setelah', 'semingguan', 'pakai', 'muka', 'jadi', 'bruntusan', 'enggak', 'tau', 'memang', 'efek', 'samping', 'pemakaian', 'atau', 'memang', 'enggak', 'cocok']","['semingguan', 'pakai', 'muka', 'jadi', 'bruntusan', 'enggak', 'tau', 'memang', 'efek', 'samping', 'pemakaian', 'memang', 'enggak', 'cocok']","['minggu', 'pakai', 'muka', 'jadi', 'bruntusan', 'enggak', 'tau', 'memang', 'efek', 'samping', 'pakai', 'memang', 'enggak', 'cocok']"
82,bagus,bagus,['bagus'],['bagus'],['bagus']
83,pengirimannya cukup cepat dan barang yg dikirimkan sesuai pesanan expired datenya dan,pengirimannya cukup cepat dan barang yang dikirimkan sesuai pesanan expired datenya dan,"['pengirimannya', 'cukup', 'cepat', 'dan', 'barang', 'yang', 'dikirimkan', 'sesuai', 'pesanan', 'expired', 'datenya', 'dan']","['pengirimannya', 'cukup', 'cepat', 'barang', 'dikirimkan', 'sesuai', 'pesanan', 'expired', 'datenya']","['kirim', 'cukup', 'cepat', 'barang', 'kirim', 'sesuai', 'pesan', 'expired', 'datenya']"
84,cocok dikulit saya ngak kering atau ketarik pengiriman cepet mantull,cocok dikulit saya enggak kering atau tertarik pengiriman cepat mantap,"['cocok', 'dikulit', 'saya', 'enggak', 'kering', 'atau', 'tertarik', 'pengiriman', 'cepat', 'mantap']","['cocok', 'dikulit', 'enggak', 'kering', 'tertarik', 'pengiriman', 'cepat', 'mantap']","['cocok', 'kulit', 'enggak', 'kering', 'tarik', 'kirim', 'cepat', 'mantap']"
85,lipstiknya mudah patah saran kalau pakai jangan diulur terlalu panjang,lipstiknya mudah patah saran kalau pakai jangan diulur terlalu panjang,"['lipstiknya', 'mudah', 'patah', 'saran', 'kalau', 'pakai', 'jangan', 'diulur', 'terlalu', 'panjang']","['lipstiknya', 'mudah', 'patah', 'saran', 'kalau', 'pakai', 'jangan', 'diulur', 'terlalu', 'panjang']","['lipstik', 'mudah', 'patah', 'saran', 'kalau', 'pakai', 'jangan', 'ulur', 'terlalu', 'panjang']"
86,barang lengkap packing aman dan rapi belum coba productnya semoga cocok tipe kulitku normal,barang lengkap packing aman dan rapi belum coba productnya semoga cocok tipe kulitku normal,"['barang', 'lengkap', 'packing', 'aman', 'dan', 'rapi', 'belum', 'coba', 'productnya', 'semoga', 'cocok', 'tipe', 'kulitku', 'normal']","['barang', 'lengkap', 'packing', 'aman', 'rapi', 'coba', 'productnya', 'semoga', 'cocok', 'tipe', 'kulitku', 'normal']","['barang', 'lengkap', 'packing', 'aman', 'rapi', 'coba', 'productnya', 'moga', 'cocok', 'tipe', 'kulit', 'normal']"
87,bacanya review nya bagus mudahan jg cocok terima kasih bonusnya pas banget pas lagi butuh,bacanya review nya bagus mudahan juga cocok terima kasih bonusnya pas banget pas lagi butuh,"['bacanya', 'review', 'nya', 'bagus', 'mudahan', 'juga', 'cocok', 'terima', 'kasih', 'bonusnya', 'pas', 'banget', 'pas', 'lagi', 'butuh']","['bacanya', 'review', 'nya', 'bagus', 'mudahan', 'cocok', 'terima', 'kasih', 'bonusnya', 'pas', 'banget', 'pas', 'butuh']","['baca', 'review', 'nya', 'bagus', 'mudah', 'cocok', 'terima', 'kasih', 'bonus', 'pas', 'banget', 'pas', 'butuh']"
88,cocok dikulit sebelum pakai jerawat biji di pipi agak meradang malam dikasih besoknya udh mendingan dan kempes,cocok dikulit sebelum pakai jerawat biji di pipi agak meradang malam dikasih besoknya sudah mendingan dan kempes,"['cocok', 'dikulit', 'sebelum', 'pakai', 'jerawat', 'biji', 'di', 'pipi', 'agak', 'meradang', 'malam', 'dikasih', 'besoknya', 'sudah', 'mendingan', 'dan', 'kempes']","['cocok', 'dikulit', 'pakai', 'jerawat', 'biji', 'pipi', 'meradang', 'malam', 'dikasih', 'besoknya', 'mendingan', 'kempes']","['cocok', 'kulit', 'pakai', 'jerawat', 'biji', 'pipi', 'radang', 'malam', 'kasih', 'besok', 'mending', 'kempes']"
89,sebenarnya bagus tapi di aq jatuhnya bikin bibir agak kering walaupun sebelum pake lipstick udh pakai lipbalm warnanya pigmented bgt merah queennya bagus bgt,sebenarnya bagus tapi di aku jatuhnya bikin bibir agak kering walaupun sebelum pakai lipstick sudah pakai lipbalm warnanya pigmented banget merah queennya bagus banget,"['sebenarnya', 'bagus', 'tapi', 'di', 'aku', 'jatuhnya', 'bikin', 'bibir', 'agak', 'kering', 'walaupun', 'sebelum', 'pakai', 'lipstick', 'sudah', 'pakai', 'lipbalm', 'warnanya', 'pigmented', 'banget', 'merah', 'queennya', 'bagus', 'banget']","['sebenarnya', 'bagus', 'aku', 'jatuhnya', 'bikin', 'bibir', 'kering', 'walaupun', 'pakai', 'lipstick', 'pakai', 'lipbalm', 'warnanya', 'pigmented', 'banget', 'merah', 'queennya', 'bagus', 'banget']","['benar', 'bagus', 'aku', 'jatuh', 'bikin', 'bibir', 'kering', 'walaupun', 'pakai', 'lipstick', 'pakai', 'lipbalm', 'warna', 'pigmented', 'banget', 'merah', 'queennya', 'bagus', 'banget']"
90,exp date msh lama pengirimannya jg cepat dapet diskonnya lumayan lagi thanks somethinc,exp date masih lama pengirimannya juga cepat dapat diskonnya lumayan lagi thanks somethinc,"['exp', 'date', 'masih', 'lama', 'pengirimannya', 'juga', 'cepat', 'dapat', 'diskonnya', 'lumayan', 'lagi', 'thanks', 'somethinc']","['exp', 'date', 'lama', 'pengirimannya', 'cepat', 'diskonnya', 'lumayan', 'thanks', 'somethinc']","['exp', 'date', 'lama', 'kirim', 'cepat', 'diskon', 'lumayan', 'thanks', 'somethinc']"
92,semoga cocok di kulitku yg sensitif ini karna banyak tmn yg rekomen coba ini jadi lgsg aku checkout,semoga cocok di kulitku yang sensitif ini karena banyak teman yang rekomen coba ini jadi langsung aku checkout,"['semoga', 'cocok', 'di', 'kulitku', 'yang', 'sensitif', 'ini', 'karena', 'banyak', 'teman', 'yang', 'rekomen', 'coba', 'ini', 'jadi', 'langsung', 'aku', 'checkout']","['semoga', 'cocok', 'kulitku', 'sensitif', 'banyak', 'teman', 'rekomen', 'coba', 'jadi', 'langsung', 'aku', 'checkout']","['moga', 'cocok', 'kulit', 'sensitif', 'banyak', 'teman', 'rekomen', 'coba', 'jadi', 'langsung', 'aku', 'checkout']"
93,belum dicoba smg cocok,belum dicoba semoga cocok,"['belum', 'dicoba', 'semoga', 'cocok']","['dicoba', 'semoga', 'cocok']","['coba', 'moga', 'cocok']"
94,tipe kulitku kombinasi,tipe kulitku kombinasi,"['tipe', 'kulitku', 'kombinasi']","['tipe', 'kulitku', 'kombinasi']","['tipe', 'kulit', 'kombinasi']"
95,sesuai deskripsi,sesuai deskripsi,"['sesuai', 'deskripsi']","['sesuai', 'deskripsi']","['sesuai', 'deskripsi']"
96,paket aman semoga cocok,paket aman semoga cocok,"['paket', 'aman', 'semoga', 'cocok']","['paket', 'aman', 'semoga', 'cocok']","['paket', 'aman', 'moga', 'cocok']"
97,masalah kulitku pori besar,masalah kulitku pori besar,"['masalah', 'kulitku', 'pori', 'besar']","['masalah', 'kulitku', 'pori', 'besar']","['masalah', 'kulit', 'pori', 'besar']"
98,tipe kulitku berminyak tipe kulitku kering tipe kulitku normal tipe kulitku kombinasi tipe kulitku sensitif masalah kulitku jerawat,tipe kulitku berminyak tipe kulitku kering tipe kulitku normal tipe kulitku kombinasi tipe kulitku sensitif masalah kulitku jerawat,"['tipe', 'kulitku', 'berminyak', 'tipe', 'kulitku', 'kering', 'tipe', 'kulitku', 'normal', 'tipe', 'kulitku', 'kombinasi', 'tipe', 'kulitku', 'sensitif', 'masalah', 'kulitku', 'jerawat']","['tipe', 'kulitku', 'berminyak', 'tipe', 'kulitku', 'kering', 'tipe', 'kulitku', 'normal', 'tipe', 'kulitku', 'kombinasi', 'tipe', 'kulitku', 'sensitif', 'masalah', 'kulitku', 'jerawat']","['tipe', 'kulit', 'minyak', 'tipe', 'kulit', 'kering', 'tipe', 'kulit', 'normal', 'tipe', 'kulit', 'kombinasi', 'tipe', 'kulit', 'sensitif', 'masalah', 'kulit', 'jerawat']"
99,kiriman cepat packing bagus,kiriman cepat packing bagus,"['kiriman', 'cepat', 'packing', 'bagus']","['kiriman', 'cepat', 'packing', 'bagus']","['kirim', 'cepat', 'packing', 'bagus']"
100,sesuai dengan deskripsi,sesuai dengan deskripsi,"['sesuai', 'dengan', 'deskripsi']","['sesuai', 'deskripsi']","['sesuai', 'deskripsi']"
