,Review
0,"kecewa banget. saya pesan yang free pouch tapi dikirimnya cotton pad. kaget pas unboxing (untung di videokan), segera kabarin customer servicenya dan disuruh isi googleform untuk dikirimkan ulang pouchnya. setelah 4 hari nggak ada kabar akhirnya saya tanya lagi, dan hanya dikabari kalau stock pouch ternyata sudah habis. padahal baik-baik dan sabar ikutin prosedur dari customer service, karena masih berpikiran positif. ternyata begini caranya ya."
1,"kali ini pengemasan tidak safe,, sepertinya tutup botol tidak kencang,, sehingga toner merembes keluar sampai dus basah,, saya memang tidak membuat video unboxing karna saya selalu mendapat produk dan packaging yg bagus dari avoskin.. saya kira dus basah karna hujan.. pas dibuka ternyata botol sudah kosong.. semoga mendapat tanggapan dari avoskin.."
2,"paket datangnya barang sudah pecah dan sy return ke seller. sudah ikuti komplain proses dan lain sebagainya.. tapi malah akhirnya tiba2 seakan - akan pesanan selesai, sy terima barang dan uangnya dilepas ke seller. sy kecewa sekali dan jd agak trauma untuk beli barang ksini. 
chat seller untuk nanyain brg ud diterima, tp dijawab   formalitas saja.. baru kali ini sy belanja, brg tidak diterima tp uang tidak kembali.. mungkin uangnya ga seberapa, cuman krn responsnya yg mengecewakan ð 
mohon improvement untuk selanjutnya.. thx."
3,"ga ada sabun nya, ga sesuai deskripsi"
4,ga sesuai harapan
5,nyesal beli disini
6,ga jelas
7,kalau ga da free ny di infokan lagi jangan asal acc aja
8,"yang sebelumnya ada bekas jerawat malah jadi muncul. di bagian yang ga pernah jerawat malah jadi jerawatan, terus muncul bruntusan di beberapa bagian "
9,cukup kecewa
10,sayang banget
11,mohon maaf tapi masih kurang
12,"hasil pemakaian , di apply biasa muncul whitecas , di tap tap kok malah sperti itu ya"
13,sejauh ini cukup mengecewakan
14,isinya cuma angin doang ð
15,udah di pencet2 ga keluar2 isinyað
16,"khusus ss agak kecewa susah keluar, heran kenapa ngga ada versi besarnya juga ss nya :( "
17,minta cancel krn slah pesen gk mau cancel padahal bs balasin message inbox !
18,"kalau memang gabisa dicancel, bilang aja gabisa admin.. jangan suruh nunggu batal otomatis tau2nya udah tinggal 5jam
lg batal malah diprosesð konfirmasi sampe ke 3 admin hasilnya ga dicancel malah dikirim.. kalau mau habisin stock ya blg aja gausah suruh nunggu lah apa lah.. service tidak professional padahal official store.. belanja di official store lain gapernah ribet masalah cancel hanya di avoskin saja yang baru kayak gini.. poor service"
19,dapat 3 retinol sheet mask yg klau beli di seller lain cuma berkisar 48rb 
20,sekelas avoskin yg hits kasi mystery box ke pembeli gini banget ð 3 sheetmask beli di sebelah cuman 45rb. tokopedia please saring lagi lah klo mau ajakin brand bikin mystery box. brand lain lebih niat..
21,kecewa banget pokoknya!!!!ð­ð­ð­
22,"kecewaaaaa, pengiriman lama, wajah jadi breakout gatau harus gimana lagi ga ngertið­ð­ð­ð­"
23,"muka lamgsung breakout pake avoskin ini, udah pengiriman lama banget terus sekalinya pake malah bikin breakoutð­ð­ð­"
24,"selama belanja online, paket ini paling lama nyampenya, ternyata temen2 yang lain disini juga sama reviewnya. semoga segera mungkin diperbaiki ya sistemnya"
25,"tim avo salah kirim barang (yg dikirim toner dengan harga 149 rb), karena sdg musim pandemi saya malas kirim balik barang (toh ongkir juga saya yg tanggung pastinya kan). saya juga akhirnya memutuskan untuk  tetap beli serum ini. 

saya pikir hal normal klo kesalahan penjual untuk selisih bayar bukan tanggung jawab pembeli dong,,,ya saya pikir jg 10 rb (walaupun avo juga kasih voucher untuk pembelian senilai 20 rb). 
saya kasih kabar cs kalau saya sudah beli serum dan dipastikan jgn ada salah kirim lagi, yg saya dapatkan adalah saya diminta bayar kekurangan :) 

ya ampun bukan masalah 10 rb sih, cuma pake logika aja, kalian yg salah, kalian yg bkn ribet. 

kemudian, apakah diperbolehkan saya tokopedia untuk trf ke rekening seller ya?"
26,kecewa
27,tokok tidak amanah pembohong gak sesuai ucapan jualan asal laku aja kecewa
28,kecewa sama pembelian di toko ini. saya dikirim barang rusak tapi tidak ada tanggubg jawab dan dipersulit. liat deh serum nya mengkristal ga jelas gt. dan tisp beli selalu aja isi produk di dalamnya berdebu.
29,belum terlihat manfaatnya
30,suncreen spf 50 isinya kosong. ngak ngerti dengan qcnya.
31,"dari awal menerima,isi udah berkurang cukup bnyak.kali prtama kecewa."
32,"gak ada isinya, kecewa banget"
33,bruntusan
34,"ga cocok banget sm kulitku. sedih. bawah mata bengkak pdahal baru pake 2 kali, spertinya alergi sm bbrp bahan di dalamnya. sayang bangetð"
35,aku pesen 2 pcs...1 toner 1 essence...eh dikabari ekspedisi...dusnya rembes air...sedih...padahal tonerku udh tiris...jdinya kutolak paketnya...ujung2nya duit dibalikin huft bikin lama lagi...di video yg dikirimin ekspedisi terlihat....tonernya ini aman gak berkurang sama skali...tp mau ga mau kubalikin 2-2nya
36,bocor.....paket basah...sedih....
37,ga kebayang kalo sunscreen 5 ml itu stlh dipencet2 isinya hampir ga ada ð¢ maaf ya. tapi mending ganti sku yg lbh banyak ml nya
38,"udah pede ga akan ada masalah karena dari official store jadi pas buka ga divideo, taunya ada satu yg atasnya udah sobek gitu. dan tentunya semua essencenya kering sudah. lesson learned jaman skrg memang semua paket harus video unboxing bahkan dari toko terpercaya sekalipun."
39,"hasilnya belom nampak ,udah 2 minggu pemakaian"
40,"segel plastik y sdh gk ada, pas d buka krtas dlm y udh robek, kek udh di unboxing. "
41,"tutup tidak rapat, bocor sampai isinya habis. proses komplain ribet sekali harus kirim balik kemasan kosongnya."
42,no review found
43,tidak diberikan bonus sesuai deskripsi
44,timbul banyak jerawat2 kecilð
45,"gak cocok, bikin gatal dan iritasi pas pemakaian 1,5 minggu, coba berhenti 2 minggu, trus pake lagi ternyata sama aja gatal dan iritasi, jd breakout gitu"
46,kok bisa isinya kosong ???? aduhhh
47,"aku senang dapat pc nya yoongi
tapi aku kecewa sama barangnya, aku mau coba make sunscreennya udah aku pencet, kok gak mau keluar ternyata isinya udah mau habisð"
48,promonya serum + toner tp dikirim dua2nya serum
49,"saya sudah checkout yang ada free guasha, tapi pas sampai guashanya tidak ada. harusnya yang dapat guasha sesuai yang sudah checkout duluan, bukan bayar duluan."
50,"sebenernya gue suka sama produk avoskin, cuman kalo lagi butuh tu pas kita travelling sla / eta / estimasi pengiriman tu ngga sesuai mana ngga ada keterangan pengiriman barang h+2 lagi. sampe gue baca lagi tu diskripsi ngga ada juga keterangan barang dikirim h+2 
gue beli biasanya di copi sih, tapi karena copi ngga bisa milih kurir akhir kesini lhaa malah lebih parah, 
pas ngajuin komplain pun ngga ditanggepin barang tetep dikirim, ketika ditanya jawaban mereka templated"
51,"sebenernya gue suka sama produk avoskin, cuman kalo lagi butuh tu pas kita travelling sla / eta / estimasi pengiriman tu ngga sesuai mana ngga ada keterangan pengiriman barang h+2 lagi. sampe gue baca lagi tu diskripsi ngga ada juga keterangan barang dikirim h+2 
gue beli biasanya di copi sih, tapi karena copi ngga bisa milih kurir akhir kesini lhaa malah lebih parah, 
pas ngajuin komplain pun ngga ditanggepin barang tetep dikirim, ketika ditanya jawaban mereka templated"
52,lama nya minta ampunnnn
53,barangnya gapernah sampe dari tanggal 1 karna ilang kesalahan anteraja. jadi gatau harus review apa.
54,barangnya gapernah sampe dari tanggal 1 karna ilang kesalahan anteraja. jadi gatau harus review apa.
55,beli ini beserta skin care yg lain nya tapitidak pernah menerima sheet mask ini. complaint lama banget dan ujung ujung nya tidak bisa ditindak lanjuti. kecewa banget.
56,"harusnya dpt free sesuai jam ordernya.. udah buru2 cekout biar ga habis pesenan... eh yg dtg cuma produk nya, free nya ga dapat... asli kecewa dan baru ngalamin yg ginian ð¥²"
57,no review found
58,no review found
59,no review found
60,"pengiriman lama..
seller salah kirim barang.
barang yg dikirim berlebih.
saya disuruh bungkus pake kardus dan bubble wrap.
terus saya dilempar2 dari satu cs ke cs yg lain, dan terus menerus harus mengulang informasi yang sama.
mana saya punya? kan saya gak jualan online.
habis itu di tanggal yg dijadwalkan dipick up, barangnya gak dipick up.
padahal sudah whatsapp2an.
saya disuruh nungguin sampe gak keluar apartemen seharian.
malah gak dateng yg pick upnya.
sudah saya bilang besoknya saya ke luar kota, eh ditelpon2 terus sama anter aja.
disuruh kirim barangnya asap.
bad experience sekali.
sungguh mengecewakan.."
61,"paket sampe trnyata serumnya pecah dan packaging basah smua sampe kertas boxnya lepek dan berurai. udh komplain kirim video ke chatbox, disuruh kirim video ke email (udah juga) . tp no respon . udah lewat wa (ga dk respon jg). udh mau sminggu ga kelarâ ngurusinnya.
muter muter doang ngmgnya. baru kali ini aku kecewa sama pelayanan avoskin."
62,no review found
63,no review found
64,no review found
65,sudah nunggu nya lama sampai 5 hari lalu produk yang dikirim tidak sesuai. mau ajuin komplain tp males ngebayangin mesti nunggu seminggu lagi. kasih bintang 1 aja
66,"setau saya, saya beli avoskin basic skit 2 set, yg seharusnya isinya dua night cream dua day cream. benar? kenapa yg datang cuma satu set? 
satu set harga 275,000. saya beli dua set, saya bayar 550++"
67,"kecewa, pengiriman lama, produk yang datang tidak sesuai pesanan yg dibeli. 11 hari nunggu pengiriman barang datang malah tidak sesuai "
68,"hai kak admin, saya sudah kirim komplain karena isi hydrating treatmen essence nya bocor dan tumpah semua, tpi sampai tgl 3 agustus tidak ada pengembalian dana atau penukaran barang, bagaimana ini yaa ? ð"
69,"produknya gabisa dikeluarin ð udh dipencet gimanapun tetep gabisa keluar, jd tutupnya harus di buka manual ð"
70,"seperti barang lama, ada belingnya gt. saya komplain di instagram katanya wajar kl produknya meng-kristal pdhl saya udh repurchase ini 6x baru ini yang meng kristal. toko mau tanggung jwb retur barang tp saya repot hrs ke ekspedisi pd saat pandemi dan ongkir gosend tdk di tanggung. saya kecewa bgt kayanya ini terakhir saya pakai avoskin. bye bye avoskin"
71,barang nya gk segel.... 
72,"demi allah beli 3pcs tpi yg dikirim cm 1 biji, padahal dikardusnya jelas2 ketulis ""3 pcs"" tpi yg dateng cm 1&kardusnya kecil bgt"
73,"kecewa banget beli ini karena freenya, trus pas di chat bilangnya untuk orang tertentu, pdhal tidak dijelaskan sebelumnyaaa"
74,"kecewa bngt pdhl pengen bngt toner ini tp seller nya kurang teliti ga di cek dulu kerapatan tutup nya. barang belum sampe tp udh dikasih tau sama ekspedisi klo paket nya hancur. dan yg lebih mengecewakan lagi proses refund nya lama bngt pesan dr tanggal 12, tgl 15 pesanan ditolak dan udh dikonfirmasi sama ekspedisi nya tp jawaban admin avo sama toped gitu2 aja disuruh nunggu mulu sampe detik ini duit refund jg belum ada"
75,beli ini buat temen dan dia bilang pas dibuka isinya hampir kosong dan seperti ga ada isinya. sepertinya kesalahan produksi dan saya lihat ada banyak review lain yang mengalami hal yang sama. padahal yang lain bagus tapi yang ini dissapointing banget. rugi 50k dapetnya botol kosong. hati-hati untuk yang mau beli..
76,break out pake inið¥²
77,"produk di kirimkan sangat terlambat molor dua hari dari maximum yang dijanjikan.  akibatnya tidak terbawa oleh anak saya yang harus balik ke uk.  kami coba membatalkan pesanan ketika status masih dalam ""diproses"" dan kami sudah mengubungi merchant via chats.  dijawab ok, namun produk tetap dipaksan dikirim meski tahu tanpa guna"
78,"harga normal dengan expired date yang mau abis? kemasa. berdebu, apakah layak dengan harga segitu?"
79,"packaging nya jelek banget, ini sih kyk nya ad oknum yg mau ngambil barangnya, kardusnya di buka di bagian samping yg ga di segel.. tolong next nya packing lbh baik lagi"
80,"tertipu, tidak ada gratis hadiah sarung seperti di gambar"
81,dijanjikan expired 1-2 th tapi dapetnyabulan 11.2022
82,"pesen 3 masker yang dikirim 1. my bad ga di video unboxing nya. tapi kecewa banget bisa lalai bgt team packing nya. please kerja yg fokus dan bener biar customer ga dirugikan begini. ga semua orang sempet bikin video unboxing begitu. so sorry kasih bintang 1 karna beneran kecewa. buat customer yang lain kalo baca ini, please be more careful ya kalo pesen disini, sesibuk apapun sempetin video unboxing!!!"
83,"sangat amat kecewa dengan pelayanan official store satu ini. barang cepat dikirim tp beli 2 diantar 1. baru pertama kali mengalami kejadian seperti ini dr official store. kekeliruan ada di penjual dianggap sah, tp pembeli tdk sempat unboxing tidak dapat ditoleransi padahal yang buka paket sudah lansia. kalau tidak untuk membelikan orang tua, sudah pasti ganti brand. sangat kecewa."
84,"dari awal saya c.o, saya langsung ajukan pembatalan karena salah masukan kupon, chat saya dibalas tapi barang tetap saya dikirimkan!!! makan tuh duit ""ngga ikhlas"" saya!!!"
85,slow respon
86,utk sunscreen nya bener2 ga recommend. butuh waktu lama utk di tap2 tapi ujung2nya ga rata. mana mahal lg huhu
87,"sudah sebulan lebih pake dan belum terlihat manfaatnya, malah tambah jerawatan"
88,yg diiklankan tidak sesuai
89,g ada bonus freenya
90,"pesen yang special edition, dikirim yang biasa :("
91,pesen retinol dikirim refining :(
92,barang ga kekirim. respon admin kurang memuaskan mohon maaf
93,iritasi
94,"ternyata berat hanya 10 gr , sama kemasan 20 gr"
95,"mini banget,,,ini mah cepat habis kecewa berat"
96,i
97,ga ada isinya
98,"hadiahnya ga dikirim-kirim sudah nunggu 2 bulan chat penjual dibilanh over load, ini sudah mau 3 bulan, sangat mengecewakam pembeli, percuma chat cs jawabannya sama diulang-ulang"
99,"sedih banget, ini entah ekspektasi ku ketinggian atau gimana. isinya bahkan untuk sekali pakai 2 ruas jari pun ndak cukup, ditekan isinya angin semua. serius memang segini atau gmna? padahal sebelumnya beli di official serum dll ok ok aja isinya penuh. 


udah seneng packagingnya bagus, tebel.

tapi kalau memang isinya cuma segini, macam sekali pakai dengan harga diatas 50k. ok, sangat tidak rekomen.

saya jarang banget isi review panjang kali lebar apalagi semengecewakan ini."
100,yang rela beli tengah malam malah ga dapat gift dan harganya lebih mahal. sistem online shop paling buruk! pantas dapat bintang 1!
101,pake ekspedisi yang bener...
102,tidak ada keterangan detil mengenai ukuran berat isi produk. tidak tertulis di deskripsinya bahwa isinya hanya 10 g. bahkan di foto produk juga tidak menampilkan keterangan berat dari isi produk.
103,system free gift disini tidak transparan dan sangat membingungkan. itulah yang mengecewakan dan layak untuk dpt bintang 1.
104,hadiah nya tidak ada
105,system free gift disini tidak transparan dan sangat membingungkan. itulah yang mengecewakan dan layak untuk dpt bintang 1.
106,pelayanan bintang 1
107,botol terbuka.barang tumpah
108,"free giftnya smpai skrg blm dikirim2. beberapa x ditanyakan ke adminny cm jawab nanti dicek nanti dicek.
kl mmg gk niat kasih, gk usah dicantumkan lain x :)"
109,hadiah tidak ada
110,gadapet gift
111,"kecewa banget, ga sesuai dengan promonya, di gambar kedua, toko harusnya kasih retinol mask sheet, tapi di gambar pertama dikasihnya pouch yang kesannya murahan dan tidak berguna sama sekali, komplain di gambar ketiga ga pernah ditanggapi oleh toko yang labelnya âofficial storeâ, sebagai official store harusnya sudah ga ada kesalahan dan ketidakbenaran hal-hal sepele seperti ini, di gambar keempat, toko langsung update gambar produk seolah cuci tangan. dalam hal pengiriman juga lelet banget, giliran nanya-nanya untuk beli produknya gerak cepet banget, giliran komplain boro-boro dibales. kecewa banget."
112,"saya ga kecewa dgn produknya. tapi saya kecewa dgn pelayanannya. saya order satu dikirim 2. untung sy jujur yah, sy chat dong adminnya kok dikirim dua? apa emang dpt brgnya dua sesuai dgn di gmbr? adminnya blg bukan itu hanya memperlihatkan tampak depan dan belakang. adminnya minta mau ga gw bayar brgnya atau balikin brg lebihnya. lucu ya dia yg salah jadi nyusahin saya. kalau gw ga jujur mah diem2 aja gw dpt dua barang. saya di chat terus bisa gak dikirim balik brgnya. saya bilang ok nanti saya kirim balik. skr diteror mulu udah dikirim balik blm barangnya. dengan saya bilang saya akan kirim balik aja udah niat baik. saya di chat mulu kok jadi kayak saya yg salah yah. adminnya yg salah kok jadi kaya saya yg curi barangnya yah. rugi waktu tau!! sayang banget nih avoskin. produknya bagus tapi karyawannya ga kompeten. gak suka saya diteror mulu tunggu aja brgnya dtg!!!"
113,"pesan 15 oct, sampai 21 oct. dalam keadaan kuyup karena sudah habis isinya hahaha"
114,isinya dikit dipencet ga keluar2â¦ nyesel..
115,"kecewa, sudah hubungi pihak avoskinnya tapi tidak di respon"
116,bocor basah semuanya hampir habis essence nya
117,"bocor dong sampe hampir habis , sudah saya videokan pas unboxingnya juga
sedih banget sih padahal selalu pake avoskin, tapi baru sekarang dapet paket tumpeh tumpeh ð¥ºâ¹ï¸ð"
118,barang order tidak sampai
119,"salah kirim, barangnya kurang toner, udah gitu yang ngaco lagi.. barang yg salah kirim berupa sheetmask gw disuru beli coyyy.. literally dipaksa sih.. 35rb.. bukan masalah nominalnya tp masalah pelayanan yang sama sekali ga memuaskan.. harusnya dia tinggal ngirim lg barangnya yg kurang kan mslh selesai? ga panjang x lebar kayak gini"
120,"yang bermasalah bukan barang ini, tp kualitas pelayanan cs di sini.. ga bakal lg dah beli di sini"
121,misal tau isinya bakal beginian ga bakal dah purchase please lah avoskin g sah pelit2 amat :(
122,"tumpah semua, yang di terima botol kosong"
123,"mau ganti pesanan,gak mau dirubah,alasan otomatis system. padahal sy paham sekali sistem di tokped spt apa. fokusnya hanya jualan,bukan kepuasam pelanggan. bgmna mau mempertahankan image jika byk customer yg kecewa."
124,"bara tiba dengan selamat tapi  cs avoskin tolong diperbaiki lagi dia ngomong soal sop tapi ga paham yang saya bilang, cuma minta konfirmasi pesanan karena saya udah transaksi. ngomong kemana2 bilang sop! masa harus nunggu 2 hari untuk konfirmasi pesanan padahal udah transaksi loh, udah bayar!"
125,.
126,saya pesan masker apa kok ygdikirim malah yg ini
127,"produk kemungkinan besar tidak original, aroma sangat buruk seperti telur busuk. saya pengguna serum avo ysb aa jadi familiar dengan baunya. tapi produk ini sangat buruk, baunya bahan kimia menyengat seperti telur busuk. mau complain tapi sudah lewat 3 hari. hati hati aja."
128,kok isinya seperti kosong...isinya ga bisa keluar2 dari botol..jadi ga bisa kepake..padahal kemasan botol ampul dlm kardus segel
129,sekali pake wajah langsung breakout. jerawat muncul 5... syok. padahal berharap jerawat hilang eh malah muncul semua...
130,gift'nya penipuan marketink..ribut berkepanjangan. untunk dr tokopedia bisa membantu  sa atasi dgn solusi penjual harus mengirim gift kpd pembeli dgn wkt yg d tentukan..klo tdk maka dana kan kembali kpd pembeli. ya mao tdk mao pst avoskin kirim gift'nya donk. tolonk ini catatan pentink buat toko ini..jgn lg da lagi pembeli yg kena dampak sprt aku. dan jujur 4 jempol sa buat tokopedia dlm menyelesaikan masalah ini. dan gift'nya akhirx d kirim donk ke pembeli berkat tokopedia.trima ksih tokopediaððð. maaf buat toko ini sa ksih bintank 1..smoga bs blajar dr masalah ini..agar bs menjd lbh bae lg.ð.
131,"tekstur dan warnanya berbed, padahal belinya di official avoskin. biasanya serum retinol avoskin yg saya beli warnanya kekuningan dan kental, tp yg beli terakhir warnanya putih dan encer.,tdk konsisten .sdh komplain tp jawabannya tdk memuaskan, jadi ragu makenya. ilang deh duit rp194.200 ribu. mending ganti produk lain aja deh  drpada terjadi hal2 yg tdk diinginkan."
132,"beli pas sale 11.11 kemarin. pas datang, di kemasan tertulis exp date bulan januari 2023. saya melakukan protes melalui chat dengan admin.. saya mengirimkan bukti berupa foto ini, karena saya tidak membuat video unboxing, saya diminta menunggu konfirmasi pengecekan barang yg memakan waktu 4-5 hari dan menyatakan bahwa barang ini tidak diproduksi di bulan november 2022 ini. ya tentu nggak diproduksi di bulan november 2022 ini lah, kalo diproduksi di november 2022 nggak mungkin expired di bulan januari 2023. sangat kecewa dengan pelayanan dari toko ini, seharusnya dilakukan pengecekan terlebih dahulu sebelum barang dikirim. dari beberapa kali saya membeli produk di official avoskin store, baru kali ini kecewa karena pelayanannya. mungkin saatnya berpindah ke merk lain."
133,"dapat barang hampir expired. beli november 2022, expired januari 2023. saya tidak membuat video unboxing karena sudah 4 kali belanja tidak bermasalah karena ini juga official store avoskin juga. bisa dilihat bagaimana store lepas tanggung jawab dari chat yang saya dan adminnya. bagi yang mau beli, pikir-pikir lagi ya.. terus terang kalau saya kapok beli avoskin, saatnya beralih ke merk lain yg lebih mengutamakan kualitas produk yg dijual kepada pelanggan, bukan semata-mata cari untung. kalau di review bisa bintang 0, saya akan pilih bintang 0"
134,sabun mukanya lebih encer dan warnanya agak kuning
135,"udah bertahun2 pake avoskin karena cocok banget tapi baru pertama ini beli online pas dateng cuma botol doang. pengecekkan barang sebelum dikirim kurang, beli 2 botol 1 botolnya tumpah tidak bersisa. botol tidak pecah hanya tidak rapat penutupnya. minta tolong pengecekkannya diperbaiki dong avoskin, aku lihat ini udah kasus kesekian kalinya ð©"
136,serum yang dikirim kyknya udah rusak karena ada endapan di bawahnya dan bikin breakout
137,no review found
138,"beli lagi khusus buat kasi review yang sesuai, jangan percaya aja meski official store, beli 2 serum cuma di kirim 1, lihat dari bukti bentuk kotak saja sudah jelas isi nya 1 serum atau 2 serum, pihak avoskin pasti paham la. tapi tidak mau tanggung jawab karena alasan sudah lewat waktu, padahal sudah tau memang kurang kirim.mau untung juga gak gitu kali caranya"
139,dus tidak ada isinya
140,"sunscreen blepotan keluar dr tube, sebaiknya tube di seal"
141,"warnanya keruh, banyak gelembungnya, terus baunya anehð« itu gapapakah ? sumpah avoskin kali ini mengecewakan :"""
142,baru kali ini biasa nya beli ini baik2 ajah ð¤¦ð»ââï¸
143,"pembelian kedua kenapa dapet barang kek gini yaa, apa karna barang sale? encer banget creamnya. udah coba masukin kulkas tapi tetep gini, aman ga ya tetep dipakenya?"
144,"isinya kosong pertama kali beli barang begini, karena officialnya store jdi gak buat video dari 4 barang 1 barang isinya kosong"
145,no review found
146,hmm agak ragu dengan produk iniâ¦ baru sekali saya pakai kok jadi ada kerak putih2nya gini di kulit saya ya?
147,no review found
148,unproffesional with handling complainðð½
149,"sunscreen tidak sesuai foto, ternyata hanya yang 5ml. tidak dapat free wallet juga. fotonya bener2 missleading. kecewa banget."
150,saya ordernya avoskin retinol toner tapi yg dikirim miraculois refinning toner
151,kualitasnya tidak sesuai dengan yang saya beli sebelumnya. yang ini bikin kulit jadi kering dan peeling. harganyamemang jadi diskon tapi kenapa kualitasnya juga ikutan didiskon. baru review skrg karena memang produknya baru dipakai.
152,gak daoet 2 cuma dapet 1
153,"gausah beli di official store. cari merchant lain saja. ketika barang kosong malah dikirim barang lain tanpa konfirmasi. pelayanan cs jg ribet, saya diminta isi beberapa form dengan pertanyaan berulang. konsumen hanya diminta maklum karena selisih harga hanya 2000. orang belanja online krn cari yg praktis, tp kalau salah dan harus retur bolak balik buat apa? brand besar tp masih bisa salah kirim dan penanganannya buruk sekali."
154,"gausah beli di official store. cari merchant lain saja. ketika barang kosong malah dikirim barang lain tanpa konfirmasi. pelayanan cs jg ribet, saya diminta isi beberapa form dengan pertanyaan berulang. konsumen hanya diminta maklum karena selisih harga hanya 2000. orang belanja online krn cari yg praktis, tp kalau salah dan harus retur bolak balik buat apa? brand besar tp masih bisa salah kirim dan penanganannya buruk sekali."
155,kecewa pengiriman cukup lama dan bocor dikit isinya :(
156,"sumpah kecewa sii saya, baru pertama kali lho saya beli produk di official store online dan dikirimin produk yg udah mau expired. kecewa saya"
157,pelayanan oke tapi produk nya bikin iritasi.. semalam coba pakai toner+serum nya langsung muka perih iritasi plus merah2.. paginya coba lagi cm pake serum 1 tetes tetap perihh iritasi panas..
158,"penjual mengirim barang yg sudah dekat sekali masa expired nya, dengan dalih masih ada masa 6 bulan setelah tgl exp, hahah pemaksaan sekali!
saya sdh baca literatur bila produk retinol rentan rusaknya, dan pakainya jarang pula lama habisnya, lalu ini dikirim brg produksi 2 tahun lalu? 
hak pembeli utk mendapatkan barang yg sesuai ditolak. pembeli sudah chats dgn penjual utk retur, disertai bukti, tapi penjual menolak menggantikan dgn barang yg terbaru.
 sewaktu blum beli sudah ditanya kapan tgl exp, jawabannya cso 1-2 tahun, tapi dikirimnya barang produksi 2 tahun lalu, sudah mepet exp. pengen ketawa dan marah!
kagak sangka lagak official store tapi tidak punya komitmen, tidak melindungi hak konsumen. 
lebih baik beli dari store yg lain, yang lebih amanah menjaga konsumen.
hati2 jangan terkecoh membeli produk di store ini, tanyakan yg jelas kapan tgl produksi yg akan dikirim dengan pasti dan screenshoot jawabannya utk bukti.  

bila jawabannya: nanti dilihat sewaktu barang datang, lebih baik jangan mau beli, karena pasti diberi brg  lama yg masa exp tinggal edikit lagi. 

bila penjual mau jual harga diskonan, sebaiknya penjual jujur diawal, tidak menutupi, bhw tgl exp sekian, spy fair adil, dan konsumen tahu diawal.

saya jg seorang penjual, tapi saya pantang mendapatkan uang dgn cara menipu konsumen spt ini.
hai cso jangan bilang saya suruh kontak lagi ya, saya udah kontak berkali2 via chats, tapi tidak digubris.
btw saya lihat komplain pembeli yg lain di hari yg sama dengan saya, yg punya keluhan yg sama, dikirim brg exp mepet waktu ( lihat yg komplain bintang 1), jadi ternyata bukan saya saja, sudah banyak konsumen yg dirugikan.
hati2 ini berhubungan dengan kosmetik muka, kalau muka orang sampai kenapa2, apa situ mau tanggung jawab?"
159,"hati-hati belanja di sini. seller menginformasikan bahwa expired date 1-2th, kenyataannya saya menerima produk masa expirednya hanya sisa 9 bulan aja, saya beli untuk stock, terlalu mepet kalau hanya 9 bulan. saya udah mengajukan komplain mengikuti prosedur di tokopedia, namun seller menolak dan memberikan bukti yang tidak valid sama sekali (hanya screenshot kalimat penolakan dari saya) dan ditambah kalimat kurang lebih ""sudah mengirim produk sesuai dengan pesanan, kedaluwarsa di atas 6 bulan"", itu artinya toko ini secara tidak langsung menyatakan sebagai toko yang tidak berkompeten. pembaca ulasan ini pun bisa jadi ingin tertawa, di awal bilang expired date 1-2th, eh pas diajukan komplain malah bilang di atas 6 bulan. lucu sekali, bukan? hahahahaa. seller memberikan informasi palsu dan bohong, patut dikenai sanksi. saya tambah kesal dan jengkel, seller awalnya tidak meminta maaf, malah berdalih kalau produk yang saya terima masih aman untuk digunakan (komedi sekali ya). titik fokus di sini bukan ""masih aman digunakan"", karena seharusnya seller bisa komitmen dan profesional dalam berjualan, apalagi ini official store."
160,syng banget kulit jd kemerah2an :( dan gatel.. baru coba tonnernya padahal ð¢ð¢ð¢
161,syng banget kulit jd kemerah2an :( dan gatel.. baru coba tonnernya padahal ð¢ð¢ð¢
162,syng banget kulit jd kemerah2an :( dan gatel.. baru coba tonnernya padahal ð¢ð¢ð¢
163,barang tidak dikirim. pesanannya kurang. mengecewakan sekali qc nya
164,"digambarnya tertulis free toner 20ml ternyata tonernya tdk datang. setelah chat seller katanya limited stock. 

klo memang limited stock ko knp tdk ditulis atau dijelaskan. masa sekelas official store seperti ini. klo memang sdh habis yah gambarnya knp gk diganti aja

ternyata banyak yg mengeluhkan hal yg sama, ttg free gift yg tdk dikirim, harusnya pihak store bisa memperbaiki hal tsb

sisa umur simpan produk jg masa kurang dr 1thn hanya 9bln (exp nov)"
165,"i purchased the first date of the campaign (free mirror), but the package didn't include the mirror as the campaign said.

their product packaging also so poor looks cheap.
customer admin doesn't know their campaign as well.

totally bad experience"
166,"i purchased the first date of the campaign (free mirror), but the package didn't include the mirror as the campaign said.

their product packaging also so poor looks cheap.
customer admin doesn't know their campaign as well.

totally bad experience"
167,"i purchased the first date of the campaign (free mirror), but the package didn't include the mirror as the campaign said.

their product packaging also so poor looks cheap.
customer admin doesn't know their campaign as well.

totally bad experience"
168,"i purchased the first date of the campaign (free mirror), but the package didn't include the mirror as the campaign said.

their product packaging also so poor looks cheap.
customer admin doesn't know their campaign as well.

totally bad experience"
169,"i purchased the first date of the campaign (free mirror), but the package didn't include the mirror as the campaign said.

their product packaging also so poor looks cheap.
customer admin doesn't know their campaign as well.

totally bad experience"
170,"i purchased the first date of the campaign (free mirror), but the package didn't include the mirror as the campaign said.

their product packaging also so poor looks cheap.
customer admin doesn't know their campaign as well.

totally bad experience"
171,"i purchased the first date of the campaign (free mirror), but the package didn't include the mirror as the campaign said.

their product packaging also so poor looks cheap.
customer admin doesn't know their campaign as well.

totally bad experience"
172,"i purchased the first date of the campaign (free mirror), but the package didn't include the mirror as the campaign said.

their product packaging also so poor looks cheap.
customer admin doesn't know their campaign as well.

totally bad experience"
173,"i purchased the first date of the campaign (free mirror), but the package didn't include the mirror as the campaign said.

their product packaging also so poor looks cheap.
customer admin doesn't know their campaign as well.

totally bad experience"
174,"i purchased the first date of the campaign (free mirror), but the package didn't include the mirror as the campaign said.

their product packaging also so poor looks cheap.
customer admin doesn't know their campaign as well.

totally bad experience"
175,"i purchased the first date of the campaign (free mirror), but the package didn't include the mirror as the campaign said.

their product packaging also so poor looks cheap.
customer admin doesn't know their campaign as well.

totally bad experience"
176,"i purchased the first date of the campaign (free mirror), but the package didn't include the mirror as the campaign said.

their product packaging also so poor looks cheap.
customer admin doesn't know their campaign as well.

totally bad experience"
177,"ternyata yang dikirim ada bintik"" putihnya bukan sabun kea biasa. kualitas barangnya tolong diperhatikan"
178,"mumpung bulan puasa jd sebelum order pikir2 dlu.. jangan termakan iklan / review dr youtube  / rekomendasi dr youtube... sblm order sudah baca deskripsi... sudah memutuskan untuk membeli taunya produknya very not recomended ... kulit semakin kusam.. pkoknya kulit muka kayak terik gtu tp muka kusam(mngkn krna jd kering gtu) komedo yg awalnya ga keliatan jd keliatan (mngkn krna kering) pdhl saya menggunakan serum merk sebelah aman aman saja... sudah chat penjual tp tidak memberikan solusi sm skali.. dan slalu mencari alasan untuk pembenaran (contohnya wajib ini itu sblm pakai ini, pdhl sudah jelas dideskripsi produk tidak ada penjelasannya) rugi didunia ga masalah (ngamburin uang beli produk ini) drpd rugi akhirat menjual produk haruslah lengkap harus jelas... jgn setelah order bru dikasi tw harus pakai ini dulu itu dulu... alhamdulillah dalam islam saya diajarkan slalu memberikan penjelasan atas apa yg saya jual. :)"
179,terimakasih avoskin aku dapet serum yang ada banyak gumpalan didalamnya. terimakasih juga buat responnya yang lama. terimakasih avoskin untuk tidak tanggung jawab atas produk yang dijualnya. makin seneng kalau beli barang barang cacat di toko officalnya langsung. semoga aku cocok yah sama serum yang gak tau aman apa nggak ini. terimakasih - penerima barang cacat
180,"gak videoin unboxing tapi salah kirim, pesan divine ampoule yang datang malah yang ampoule sheetmask, bingung mau komplain bagaimana? bisa dicheck stok kalian tidak kalau memang salah kirim"
181,no review found
182,isinya tumpah semua...
183,no review found
184,"barang seharusnya isi 2, yg ampoule tidak ada. udh isi komplain dan berbagai form komplin yg disediakan pihak avo. deal katanya akan dikirim manual (kekurangannya saja). mohon2 utk dibatalkan komplainnya. eh tiba2 minta dikirim balik, akan dipickup barang yg ada di saya. udh di repacking, dan udh di pickup oleh pihak avoskin. sampe skrg status pengiriman balik dari avoskin gak jelas. diminta no resi, di cek not found, dichat lg, eh dikirim resi yg berbeda (aneh bukan). slowrespon banget"
185,no review found
186,no review found
187,"beli bulan juni untuk stok karena emang langganan sama avoskin dan emang bagus,tapi beli yang ke 2 exp nya cuma sampai bulan 11/22.jadi ga kepakai sama sekali.tolong pihak toko perhatian lagi barang yang dijual,sudah banyak complain mengenai exp barang"
188,harga mahal padahal toko official tp menjual barang exp date 12-22. dan sebelum dikirim sudah minta exp date yang masih panjang tapi ternyata tidak dipenuhi.
189,nyelotipnya langsung ke produk. jadi lengket+coklat2 kena produknya
190,"packing pake kardus cuma nyebelinnya pake diselotip kertas dan langsung nempel ke sheetmask nya. ngerusak estetika produknya. lain kali plis lah masukin kardus aja gausah diselotip, gak guna juga selotipnya malah yg ada bikin jelek produk dan lengket"
191,isinya sedikit banget malah kayak yg sudah kering isinya
192,"packingnya super aman dan bahkan ketika sampai di tangan saya termasuk masih mulus. bubble wrap juga tebal, bahkan kotak skincarenya termasuk baik-baik saja walaupun terlihat seperti produk lama yang tidak laku. bahkan masa kadaluarsanya sangat singkat 03/2023. namun bukan masalah, insyaallah bisa habis sebelum masa kadaluarsanya ð

yang menjadi masalahnya sekarang adalah, tutup skincarenya yang damage parah! yang jelas bukan kesalahan kurir, tapi memang dari pihak avoskin-nya! kalau menurut sop seharusnya ini jadi barang reject! dan jika mau tetap dipasarkan saya tidak perlu membayar seharga yang mahal, seharga botol mulus! kecewa banget sih!

repurchase?
masih belum tau kedepannya, takut dapat barang dengan masalah yang sama. dan lebih takut lagi kalau sampai dapat botol yang pecah! tolong pihak avoskin lebih amanah ke pembeli!"
193,"official store avoskin sangat mengecewakan. beli produk ini di bulan juni 2022, dikirim produk dengan exp. date 12/22. padahal pao produk 12 bulan. ngga heran di etalase toko banyak jual2in produk murah yg mepet exp. date, tapi produk yg saya beli ini produk harga normal yg didiskon, bukan produk yg dikasih keterangan mepet exp.date. saran: mending beli produk avoskin di official store lain yg jual produk2 mereka, beneran deh lebih mahal sedikit gapapa daripada dikasih produk mepet exp.date. ini official store brandnya langsung loh. parah banget pelayanannya. baru kali ini ada official skincare yg mau mengorbankan kepercayaan customer cuma buat menghabiskan stock produk lama."
194,"sayang sekali di deskripsi tertulis akan dikirim produk dengan tgl exp 12-22
tapi yang dikirim tgl exp 11-22
sebaiknya lebih dicek lg untuk produk yg dikirim jgn asal walau hanya selisih sebulan 
untuk proses pengembalian jg tidak efektif, di diskusi dan penulisan alat dikasih yang berbeda customer sudah malas duluan untuk proses klaim pengembalian dan refund nya ð"
195,"dapat produk expired date sangat dekat dgn tgl kadaluarsanya, tanpa pemberitahuan dahulu (saya sertakan bukti foto bahwa produk saat saya beli, tidak ada himbauan bahwa produk expired dalam waktu dekat).

pengiriman juga lama sekali, lalu respon admin juga lama."
196,"dikasih yg exp 2022. padahal official store dan barang nya terjual sudah banyak, masa masih ada yg produk tahun kemarin yg masih ada, dan pembeli yg 1/2bln lalu dapat yg exp 2023, apakah karena barang diskonan jadi dikasih batch tahun lalu. hmm."
197,"panass buanget, sudah chat admin bilang gpp, setiap pake nyelekit"
198,tidak cocok di kulit aku yang sensitif. menyebabkan iritasi kemerahaan di daerah dagu.
199,isinya kosong
200,"1. cuma bisa digunakan 6 bulan kedepan, karna exp date nya sangat mepet. heran, kenapa yaa toko nya cuma jual retinol yg udh dekat dgn exp date. saya lihat gak ada pilihan lain, cuma ini satu2 nya retinol ampoule
2. pengiriman sangaaaaaaaaaat lama, barang dikirim dari makasar
3. packing gak aman karna dikirim dengan kardus yg gampang penyok

inti nya sangat mengecewakan, masa pakai cuma 6 bulan sebelum exp date, karna retinol tidak dipakai setiap hari, jadi kemungkinan habis nya mungkin akan sangat lama.

saya lihat banyak keluhan exp date ini. buat yg mau beli, hati2 deh, buat apa beli murah klo masa pakai nya cuma sebentar."
201,no review found
202,no review found
203,no review found
204,no review found
205,no review found
206,no review found
207,no review found
208,pengiriman lama ***** disaat seller skincare laen berlomba-lomba untuk mempercepat pengiriman san avoskin malah dengan percaya dirinya berlarut-larut ngirim ini produk. mana produknya b aja cih
209,pengiriman lama ***** disaat seller skincare laen berlomba-lomba untuk mempercepat pengiriman san avoskin malah dengan percaya dirinya berlarut-larut ngirim ini produk. mana produknya b aja cih
210,pengiriman lama ***** disaat seller skincare laen berlomba-lomba untuk mempercepat pengiriman san avoskin malah dengan percaya dirinya berlarut-larut ngirim ini produk. mana produknya b aja cih
211,"saya tidak terima barang ,tapi di selesaikan.saya sangat kecewa."
212,"barang yang di kirim mendekati batas exp. exp nya maret 2023 sedangkan belinya september 2022. ngga ada satu tahun (barang 6 bulan sebelum kadaluwarsa) jarak kadaluwarsa dan waktu belinya. memang sepertinya sih stok lama. nyatanya di kirim dari medan padahal biasa beli di kirim dari jogja semua baru kali ini di kirim dari medan. padahal kemarin beli toner nya aja exp februari 2025. padahal official store lho.... 
tau gini mending beli di sociolla atau di website avoskin langsung deh. kapok beli serumnya di official store avoskin toped."
213,"sayang banget dpt sabun nya kaya gtu ada bercak2 nya padahal kalo normal itu warna full orange, sempet complain dan diretur setelah dikirim balik tp dpt sabun yg sama kaya gtu lagi jadi males mau complain2 lagi.yasudahlah"
214,"kecewa ama produk ni kualitas produk gak sesuai dengan harga nya, gak bisa menyerap dengan baik, wkt pakai pas keringnya jadi lapisan kyk kulit mati gitu,ke gosok dikit aja langsung mengelupas."
215,saya tidak menerima product ini karena kurir sicepat mengalami kesalahan pengiriman. namun pengajuan refund ditolak. terima kasih
216,isinya cuman bisa dipake 3 kali
217,no review found
218,no review found
219,paket dalam keadaan basah karna bocor akibat dari tutup botol yg tidak kenceng padahal kondisi packing masih sealed. produk tidak di lilit oleh kertas pengamannya hanya di taruh aja di atas produk. bisa dilihat ini salah dari seller dan permintaan ganti produk di tolak seller jadinya ke pengembalian dana dari pihak asuransi. padahal mau barangnya.
220,"sangat kecewa. beli 1 paket toner+serum. yg dtg cuma tonernya aja. serumnya ngga ada. karena udah percaya duluan, jadi ga ada video unboxing. ******* abis2in uang. jadi musti beli serumnya lg ðð»ðð»ðð»ðð»ðð»"
221,"isinya habis bis, basah kuyup.. kapok beli disini lagi, udh komplain bilangnya packing sudah aman.. pdhal dari saya buka paket, tutup botol kebuka dan isi habis.. gak mau disalahin.. kecewa pokoknya.."
222,no review found
223,"pesanan datang tidak sesuai. pesan perfect divine combo, yg datang miraculous dark spot. dilihat dari harga sudah jelas selisihnya 1 serum ysb. konfirmasi via chat disuruh menunggu terus. akhirnya tidak bisa diretur karena shipping label blur, padahal waktu sampai di tempat saya ya sudah blur seperti itu. sayangnya tidak sempat buat video unboxing karena ini sudah pesanan ke-8 dan setiap saya pesan sebelumnya tidak pernah ada kesalahan padahal setiap pesan selalu dalam jumlah yg tidak sedikit. tolong lebih hati-hati lg dan jika syarat retur adalah shipping label yg jelas, tingkatkan kualitas shipping label kalian agar bisa saat sampai ke pelanggan tidak blur dan dibuat database agar bisa mengecek pesanan yg sudah dikirimkan ke pelanggan apa saja. sudah saatnya ganti ke produk yg after sales servicenya lebih baik ð semoga ulasan saya tidak dihapus."
224,"pas datang cream nya warna nya bukan putih tp coklat,setelah beberapa x jelaskan,kasih histori sampai disuruh isi data, baru di kirim kurir untuk pick up,skrg lg menunggu gmn apakah ada pergantian,krn blm dikabarin sama sekali..entah krn cream nya clearance apa gmn..kecewa aja krn memang butuh banget!!"
225,no review found
226,"kemasan tidak aman, tp barangnya kaca semua, pecah dimana2"
227,baru kali ini beli barang expirednya deket banget. kecewa banget
228,barang sudah mau exp
229,"pengiriman lama, exp nya ga sampai 4bln, sedangkan skincare pakai nya kan lama .. padahal official store"
230,padahal udah bilang kalo salah beli. udah deal juga untuk dicancel tapi malah tetep dikirim. jadi buang buang uang
231,g dpt gift 1pun... ð¥´ð¥´ð¥´ brgnya aman
232,no review found
233,saya selalu pesan di sini tapi terakhir saya pesan produk saya pesan 2 hanya di kirim 1 ...mengecewakan sekali
234,"pesan facial wash malah dateng toner, beli online kan biar praktis. kalo gini harus keluar lagi balikin barang, walaupun ada opsi dijemput barangnya berarti harus stand by juga dirumah jari ribet"
235,no review found
236,"pesan 2 dtg 1, krn ga video jd sumbangin sm pegawai yg packing, mgkn butuh toner tp ga ada duit beli.dusnya aja kecil bungkus bubble wrap ga muat lah 2 toner uda keliatan."
237,"penanganan komplainnya lama bgt dan butub waktu lebih dari satu minggu, dari toko sama sekali tidak responsif lebih cenderung pasif dan lemot, cs nya juga sama, ga ngerti apa yg dia hadapi, ga mencoba mengerti kendalanya. saya merasa mendapatkan pengalaman yang sangat buruk. padahal official store tapi malah kaya gini. next time mending beli ke reseller aja. lebib murah lebih ramah. biasanya yg brand gede suka tinggi kepalanya. beda sama reselleler kecil yg lebih ramah-ramah dan solutif"
238,"muka saya dan adik saya hancur, jerawat besar muncul tidak berhenti, muka jadi sangat berminyak. apa karena saat saya beli sedang promo jadi barang yang dikirim barang sisa yg kadaluarsa nya sebentar lagi ya?"
239,"mohon untuk teliti lagi saat proses orderan ya. saya order retinol dikirimnya lain, kalau komplain males tukar balikin kirim lagi nunggu lagi. org pesanan ini aja seminggu kali ya bru smpe"
240,nunggu seminggu barang tau ny zonk...mau d tuker ma yg lain....mau d cancel tpi barang sudah d kirim....akhir ny barang d tukar tanpa ada konfirmasi dari saya.
241,gue beli serum lactic acid di kirim jeroan tamia sialan minta tanggung jwb ke avoskin sama ekspedisi si lelet malah blunder akhirnya angkat tangan ga solutif duit ilang barang ga ada
242,"toner pecah, saya gk tau dari penjual atau pengiriman tapi yang saya kecewakan dari pihak avoskin adalah penanganan yang kurang cepat sehingga bukan hanya rugi di barang tapi rugi diwaktu menunggu proses komplain"
243,"jangan karena diskon ongkir, pengiriman lambat. mending ongkir normal barang cepat datang. kita kan butuh barangnya.."
244,nyebelin pesen yang engga clearance dapet expired agustus 2024 mana gaada setahun ð¡
245,i didnt receive it. they switched it with toner (????)
246,"ampoulenya bagus, tapi ini transaksi kedua saya berturut-turut salah kirim alamat jadi saya harus mengambil paket di rumah orang yang tidak dikenal untuk kedua kalinyað"
247,barang berbeda dengan versi sebelumnya!
248,"gk lagi beli disini... 
dua kali loh barangnya bermasalah. bau dan lengket.. 

semoga kena karma deh org2 di balik ini... 
males banget, produk sampah

dan gk ada tanggung jawabnya"
249,parah beli 5 serum di kirim cuma 1 doang ..ga ada penjelasan nya!klo saya tidak ad video harus nya ada solusi buat kesalahan kekurangan barang yg d kirim..  tolong tracking cek detail pengiriman nya!!!!!!!!!!!!!!!!!!! saya rugi
250,"barang nya udh lama saya buka. 
tapi blm dikeluarin dri kotaknya. 
dan baru kali ini beli tapi kualitasnya kyk muntahan org, bau, dan lengket kental bgtt... 
padahl yg sebelum nya gk gini... 
kalau kalian bilang boong atau menjatuhkan, saya gk akan berhenti pake skincare ini. cuman baru kali ini dapat yang zong banget

dari warna juga udh beda
tulisan expired beda dri botol2 lain.. bener2 kyk di oplos. 

boleh ya dilihat video nya.. 
botol pertama itu yg saya beli, botol kedua itu yg udh lama saya beli juga.. 
so, gimana ini? 
kocakkk"
251,barang kurang kirim 2pcs . dah biasa beli dj sini gak pernah kurang kirim. cmn x ini aja. sialnya aku buka setelah transaksi selesai dan gak di videoin. gak tau hrs komplain ke mana. merasa sangat di rugikan.
252,no review found
253,"beli 2 di kirim cm 1. udah kirim lamaaaa, kondisi barang saya terima jg seperti sudah terbuka dari segel nya."
254,"beli apa yang di kirim
apa"
255,beli toner yang di kirim serum
256,beli apa yang di kirim apa
257,"1. barang lama di proses
2. beli 2 pcs bayar 2 pcs yang datang hanya 1pcs
3. itu pun juga ada keterlambatan pengiriman

terimakasih pengalaman berbelanjanya"
258,"pesan tanggal 1 dikirim tanggal 5, padahal tgl 6 sdh harus dibawa terbang. kecewa karena sdh dua kali mendapatkan pelayanan yg kurang menyenangkan. padahal produk bagus dan sdh menjadi pengguna tetap avoskin"
259,"pesan tanggal 1 dikirim tanggal 5, padahal tgl 6 sdh harus dibawa terbang. kecewa karena sdh dua kali mendapatkan pelayanan yg kurang menyenangkan. padahal produk bagus dan sdh menjadi pengguna tetap avoskin"
260,nyebelin pesen yang engga clearance dapet expired agustus 2024 mana gaada setahun ð¡
261,i didnt receive it. they switched it with toner (????)
262,"ampoulenya bagus, tapi ini transaksi kedua saya berturut-turut salah kirim alamat jadi saya harus mengambil paket di rumah orang yang tidak dikenal untuk kedua kalinyað"
263,barang berbeda dengan versi sebelumnya!
264,"gk lagi beli disini... 
dua kali loh barangnya bermasalah. bau dan lengket.. 

semoga kena karma deh org2 di balik ini... 
males banget, produk sampah

dan gk ada tanggung jawabnya"
265,parah beli 5 serum di kirim cuma 1 doang ..ga ada penjelasan nya!klo saya tidak ad video harus nya ada solusi buat kesalahan kekurangan barang yg d kirim..  tolong tracking cek detail pengiriman nya!!!!!!!!!!!!!!!!!!! saya rugi
266,"barang nya udh lama saya buka. 
tapi blm dikeluarin dri kotaknya. 
dan baru kali ini beli tapi kualitasnya kyk muntahan org, bau, dan lengket kental bgtt... 
padahl yg sebelum nya gk gini... 
kalau kalian bilang boong atau menjatuhkan, saya gk akan berhenti pake skincare ini. cuman baru kali ini dapat yang zong banget

dari warna juga udh beda
tulisan expired beda dri botol2 lain.. bener2 kyk di oplos. 

boleh ya dilihat video nya.. 
botol pertama itu yg saya beli, botol kedua itu yg udh lama saya beli juga.. 
so, gimana ini? 
kocakkk"
267,barang kurang kirim 2pcs . dah biasa beli dj sini gak pernah kurang kirim. cmn x ini aja. sialnya aku buka setelah transaksi selesai dan gak di videoin. gak tau hrs komplain ke mana. merasa sangat di rugikan.
268,no review found
269,"1. barang lama di proses
2. beli 2 pcs bayar 2 pcs yang datang hanya 1pcs
3. itu pun juga ada keterlambatan pengiriman

terimakasih pengalaman berbelanjanya"
270,"penipu. ga ada isinya. t0l0l. bye

di chat jawabnya cuma disuruh berdiriin kemasan like wtf gue jg tau woiii. ga kelas 50rb ga ada isi. bener2 penipuan sih."
271,saya beli 10 pcs yang dateng malah cuman 5pcs
272,no review found
273,isinya seuprit nyesel bgt
274,"sy tanya expired kapan, jawabannya 1-2 tahun dr tgl produksi. lah sy mana tau pabrikan kapan produksinya. taunya dikirimin barang exp cuma 6 bulan lagi. kalo pembeli nanya kapan expired jawab aja tgl yg tertera di kemasan bukan estimasi expired. sorry aja nih cuma 1 â­ï¸ karena emang kecewa !!!"
275,"pertama aku kira memang bercak2 sabunnya karena aku beli 2 dan 2-2nya bercak, tapi ternyata defect alias produk cacat. setelah aku liat review blogger sama ulasan pembeli yang lain sabunnya tidak ada bercak. 
produk yg aku terima ini sampe dalemnya juga bercak kayak jamuran. produk gagal tlg jangan d jual"
276,tidak ada isinya..kosong
277,"sampai skrg blm dtg brngnya setelah diretur krn dtg posisi kosong.. barangnya bocor.. sdh brp kali chat follow up, balesannya akn dcek.. smpe skrg ga ada kbr.. mohon maaf yaa saya kasih bintang 1.."
278,barang tidak di terima/tidak sampai.
279,no review found
280,"beli apa yang di kirim
apa"
281,beli toner yang di kirim serum
282,beli apa yang di kirim apa
283,barang yg dikirim tidak lengkap. saya merasa dirugikan. next time di cek lagi dong
284,"pesan 5 april, butuh agak cepat tp ternyata antrinya panjang, pas izin mau cancel ditolak katanya udah diproses. tp ditanya kepastian kirim kapan ttp dibilang untuk cek berkala. estimasi sampai tanggal 7-9 april kenyataan sampainya 10 april. kecewa."
285,no review found
286,saya itu sdh langganan avoskin dr lama. iseng belu clearance sale serum favorit ini tp 2x purchase selalu ngeh kl isinya itu nggk full seukuran leher botol. padahal yg dulu2 isinya full se leher botol. aneh
287,order toner yg dikirim serum
288,diluar ekspetasi dalam pengirimannya. mohon untuk direview kembali. untuk produk diterima baik dan bagus
289,"barang yg di terima beda seperti yg biasa dipake ( yg ini tekstur nya cair dan butek)  biasa pake bening dan tekstur nya kental dan digunakan ke wajah, wajah malah jadi kusam"
290,"pesan 5 april, butuh agak cepat tp ternyata antrinya panjang, pas izin mau cancel ditolak katanya udah diproses. tp ditanya kepastian kirim kapan ttp dibilang untuk cek berkala. estimasi sampai tanggal 7-9 april kenyataan sampainya 10 april. kecewa."
291,no review found
292,saya itu sdh langganan avoskin dr lama. iseng belu clearance sale serum favorit ini tp 2x purchase selalu ngeh kl isinya itu nggk full seukuran leher botol. padahal yg dulu2 isinya full se leher botol. aneh
293,order toner yg dikirim serum
294,diluar ekspetasi dalam pengirimannya. mohon untuk direview kembali. untuk produk diterima baik dan bagus
295,"barang yg di terima beda seperti yg biasa dipake ( yg ini tekstur nya cair dan butek)  biasa pake bening dan tekstur nya kental dan digunakan ke wajah, wajah malah jadi kusam"
296,barang yang dikirim tidak sesuai saya beli niacinamide yg dikirim salicylic acid
297,toner yang ditunggu2 tapi pas nyampe kemasan tumpah dan tonernya abis. ya allah pen nangis ð­
298,abis pake 1 minggu malah breakout mau klam asuransi alergi nya malah g bisa
299,"yang dikirimkan bukan toner 100ml, tp yg 20ml, baru sempat unboxing."
300,no review found
301,tumpah!!
302,"sudah meminta pembatalan pesanan karena mau ganti produk dan tinggal menunggu persutujuan penjual, tetapi tetap di proses. seperti sengaja dan memaksa."
303,dus produk rusak seperti sudah di buka
304,"maaf ya saya kasih bintang 1 soalnya essence nya susah bgt keluar meskipun ini udah diretur.. proses retur juga lama bgt.. total 1,5 minggu saya baru terima barang barunya.. udah gt msh juga susah keluar essence nya.. gatau ya mungkin yg size gede ga susah ky gini.. not reccomend.. kecewa sih soalnya beli harga normal ud gt keracun org2 yg katanya bagus bgt tp aku sendiri susah buat coba produknya.. pdhl series avoskin lain yg aku punya ga ky gini"
305,"beli yg kombucha datangnya yg niacimide kuning bening. kecewa, minta pertanggungjwban tp solusinya ditukar dan hrs kirim balik barangnya, trs waktuku yg terbuang gag diganti. rada males, trs yaudahlah dipake aja drpd nunggu lagi ð¥´"
306,"sebotol tumpah semua kok ga d ganti

"
307,bru bukak sudah exsaited mw pkek eh dipencet2 gk ada isinya ..cmn setetes... dblg hrus di berdiriin dlu krn uk kecil.logika aja ini biar uk kecil msa sekali pakai kan gk mngkn ya...sngat kecewa
308,tulisannya 50ml tp kyk ga ada isi. cuma secuil yg keluar. udh di pencet2 isinya cuma angin. pertama kali beli produk yg ga ada isi kyk gini. sangat kecewa
309,pengiriman nya lama sekali
310,"maaf ya saya kasih bintang 1 soalnya essence nya susah bgt keluar meskipun ini udah diretur.. proses retur juga lama bgt.. total 1,5 minggu saya baru terima barang barunya.. udah gt msh juga susah keluar essence nya.. gatau ya mungkin yg size gede ga susah ky gini.. not reccomend.. kecewa sih soalnya beli harga normal ud gt keracun org2 yg katanya bagus bgt tp aku sendiri susah buat coba produknya.. pdhl series avoskin lain yg aku punya ga ky gini"
311,"beli yg kombucha datangnya yg niacimide kuning bening. kecewa, minta pertanggungjwban tp solusinya ditukar dan hrs kirim balik barangnya, trs waktuku yg terbuang gag diganti. rada males, trs yaudahlah dipake aja drpd nunggu lagi ð¥´"
312,"sebotol tumpah semua kok ga d ganti

"
313,bru bukak sudah exsaited mw pkek eh dipencet2 gk ada isinya ..cmn setetes... dblg hrus di berdiriin dlu krn uk kecil.logika aja ini biar uk kecil msa sekali pakai kan gk mngkn ya...sngat kecewa
314,tulisannya 50ml tp kyk ga ada isi. cuma secuil yg keluar. udh di pencet2 isinya cuma angin. pertama kali beli produk yg ga ada isi kyk gini. sangat kecewa
315,pengiriman nya lama sekali
316,"untuk ukuran 5ml kecewa banget karena isinya sumpah dikit banget, cuman 5% dari wadahnya"
317,yang dipesan retinol toner tapi yang dikirim refining toner ð
318,"review ini akan diubah jd bintang 1 kalau dibales dengan tidak men-sensor nama.

okeh diubah."
319,gak dapat tasnya :(
320,salah kirim barang yang dikirim produk lain. saya chat online toko tdk ada respon/balasan.
321,"baru kali ini beli dan dikirim dari toko cabang, ternyata pas dibuka produknya sudah rusak. biasanya beli dan dikirim dari yg jogja langsung selalu aman. dari awal agak c... "
322,katanya free sticker sama popsocket untuk paket ini tapi ga dapet :(
323,isi kosong sangat mengecewakan sekali
324,"pertama kali beli skincare nya avoskin dan kaget, gini banget sih avoskin jualannya. aku beli produk diskon (198k) terus dikasihnya produk yg udh mau kadarluarsa udah gitu debunya tebel pollðð ngabisin stok ga laku kayaknya. udah paling bener pake somethinc lah, mau lagi diskon mau lagi promo, produknya tetep dikirim yg bagus... duh avoskin, baca dong kritikan yg ngasih bintang dibawah 3 terus perbaiki diri..."
325,"salah kirim kepencet selesai transaksi, sellernya ga bener, harusnya toner yg dikirim beda malah your skin bae dua2nya"
326,barang yang sampai tidak sesuai pesanan
327,"barang yang dipesan tidak sesuai, seharusnya dapat 1 set retinol series tapi yg dikirim hanya toner saja"
328,"masker tipis, packaging ga sesuai sama harga"
329,barang sampai dengan selamatt ð
330,"ini pertama kali saya membeli serum avoskin. jujur untuk produk serumnya sejauh ini tidak ada komplain. namun saat saya terima pipet/pumpnya tidak berfungsi. serum tidak tersedot dan tidak bisa keluar. begitu dicoba pakai pipet/pump serum merk lain dengan effortless lgsg tersedot dan keluar hanya dengan sekali pencet. lalu saya minta tolong replace pump ke tim cs. awalnya dioper untuk kirim video ke whatsapp, lalu sudah saya lakukan. sampai hampir 2 minggu kemudian saya tunggu dengan sabar tapi belum ada kabar, jadi saya followup. lalu tim cs di whatsapp mengoper saya lagi ke tokped. saya followup lagi di tokped, lalu dibilang karena serumnya kental dan saya tidak paham cara pakai serum. bener-bener nggak habis pikir karena udah usaha bikin video sejelas mungkin kalau pipetnya nggak berfungsi dan langsung berfungsi dengan pipet lain, jadi udah jelas bukan salah serumnya. saya jelasin lagi dengan detail, tapi terus diputer-puter. segitu beratnya untuk replace pump aja. sayang sekali produk yang bagus harus mengecewakan customer karena sdm nya. untuk yang baru mau coba serum avoskin, semoga pumpnya nggak rusak kayak punya saya yaa. kalau rusak, pake pipet serum lain aja daripada buang2 waktu untuk komplain.  terima kasih avoskin, sukses selalu. "
331,warna sudah kuning.. apa bisa diganti???
332,ternyata isinya cuma 10gram. tulisnya kemasan 200gr. kecewa
333,lama bgt pesen kamis dikirim senin
334,pesannya yg no.0 tapi dikirim no.1
335,"ah males drama bgt avoskin, mending cancel dr toko ka drpd dikirim yg ga sesuai. pesen acne spot yg dikirim malah masker."
336,"beli 2 pcs dikirim 1 pcs.   ga ridho sampai kapan pun buat yg packing , amanah konsumen itu di jaga .  kerja yg teliti"
337,"pesan 3 dikirim 1 ,hati2 ini official store kerjaan ga becus.  ga tau diganti atau kaga"
338,"pesan 3 dikirim 1 , hati2 dengan toko ini kerjaan tidak becus. nga tau diganti atau tidak"
339,"war flashsale tapi paket hilang, kecewa sih mana war nya susah, bukan di ganti produk cm di refund aja :("
340,barang belum diterima
341,"biasanya kiriman komplit, tapi pas pesenan ini ko beli 2 datengnya cuman 1"
342,barang yg dikirim tidak sesuai
343,sedih beli acne solution dikirimnya masker ð«ð«ð«ð«ð«ð«kecewa sih sekelas avoskin toko besar tpi drama
344,barang tidak sesuai
345,parah si kesalahan seller dikasi nya sheet mask
346,sampah
347,"kalau memang salah dari seller, di cancel saja dari sana, jangan dikirim dengan barang berbeda, kan ga semua orang butuh apa yg dikirimkan, makanya pas upload diskon benerin liatnya"
348,expired bulan depanð­
349,no review found
350,barang tidak sesuai
351,parah si kesalahan seller dikasi nya sheet mask
352,sampah
353,"kalau memang salah dari seller, di cancel saja dari sana, jangan dikirim dengan barang berbeda, kan ga semua orang butuh apa yg dikirimkan, makanya pas upload diskon benerin liatnya"
354,expired bulan depanð­
355,no review found
356,ga cocokkkk
357,"benar2 kecewa!! 
pakai avoskin sudah lebih dr 2 tahun, baru kali ini kapok dgn servicenya. silakan teman2 konsumen nilai sendiri dari bukti2 foto saya. seriously, pasti banyak yg udah percaya dgn brand ini sehingga tidak merekam proses membuka paket seperti saya. tuhan maha tahu tentang kebenaran. okelah saya rugi 136rb, tapi jangan harap saya mau membeli lagi atau mempromosikan brand ini lagi ke lingkungan saya."
358,dikirimi box kosong dan perlu nunggu serta follow up selama 1 bulan
359,barang yg dikirim beda dengan yg dipesan
360,"i never received the products for over 1 month waiting and now waiting for tokopedia to make refund, a waste of time."
361,bikin jerawatan sudah 3 bulan pakai malah makin parah mending gk pakai ð¥²
362,setelah pakai 2 bulan malah jerawatan parah padahal dulu gk separah ini. menyesal pakainya
363,"pengiriman lama
pesan toner, dikirim serum ðð» 
serum yg dikirim exp bulan 6 2024
udah mo expired
trik buat abisin barang exp
refund ribet
wong yg salah sapa yg buat rib... "
364,"isinya seperti sudah expired, baunya ga sedap beda dgn pembelian ku yg sblmnya

please mau direfund atau tuker item baru aja, rugi banget asli"
365,"salah kirim yg dateng malah niacinamide 12%, tolong diperhatikan dalam mengemas barangnya"
366,semoga avoskin makin laris sehingga bisa mensejahterakan karyawannya biar makin semangat & konsentrasi dalam bekerja
367,"pertama kali belanja di official store avoskin. produknya ga ada masalah, tapi logistiknya lama. semoga jadi bahan evaluasi avoskin untuk bermitra dengan anteraja. karena bisa mempengaruhi kepuasan pelanggan walaupun produknya tidak ada masalah.
ecommerce sebelah, kurir bebas ongkir nya ga selambat ini."
368,"beli 2 pcs serum, yg dikirim cuma 1, di resi ditulis 2pcs, sori saya kasih bintang 1 dulu sampai komplain saya ditangani!"
369,"baru nyoba ,udh pake seminggu sm skali gk ngurangin jerawat, jerawat malah gk mati sm skali, kering aja engga, kempes engga malah merah gtu aja, kya gk ngefek gtu sm skali, pdhal cm jerawat krn after haid"
370,"isinya seperti sudah expired, baunya ga sedap beda dgn pembelian ku yg sblmnya

please mau direfund atau tuker item baru aja, rugi banget asli"
371,"salah kirim yg dateng malah niacinamide 12%, tolong diperhatikan dalam mengemas barangnya"
372,semoga avoskin makin laris sehingga bisa mensejahterakan karyawannya biar makin semangat & konsentrasi dalam bekerja
373,"pertama kali belanja di official store avoskin. produknya ga ada masalah, tapi logistiknya lama. semoga jadi bahan evaluasi avoskin untuk bermitra dengan anteraja. karena bisa mempengaruhi kepuasan pelanggan walaupun produknya tidak ada masalah.
ecommerce sebelah, kurir bebas ongkir nya ga selambat ini."
374,"beli 2 pcs serum, yg dikirim cuma 1, di resi ditulis 2pcs, sori saya kasih bintang 1 dulu sampai komplain saya ditangani!"
375,"baru nyoba ,udh pake seminggu sm skali gk ngurangin jerawat, jerawat malah gk mati sm skali, kering aja engga, kempes engga malah merah gtu aja, kya gk ngefek gtu sm skali, pdhal cm jerawat krn after haid"
376,"ini sudah kelima kalinya saya repurchase baik dari avoskin official store maupun dari official store lain. namun, baru kali ini, produk yang saya terima warnanya kekuningan, bahkan ketika dijejerkan dengan produk lama yg sudah hampir habis jauh sekali kelihatan bedanya. ketika saya tanyakan, hanya dijawab sedang ditanyakan ke bagian qc dan tidak ada update sampai sistem auto close pembelian ini. sangat disayangkan ya, avoskin, ini padahal produknya bagus tapi kok kali ini jelek sekali kualitas barang yg dikirim dan customer servicenya."
377,barang seperti sudah dibuka oleh kurir
378,eww tidak dapat free tonner refining tonner yg 20ml. padahal alasan beli gara gara itu. baru kali ini kecewa sama avoskin kek ngk niat banget ngasih hadiah eww. beda sama brand sebelah
379,"gapaham karyawannya yg kurang teliti atau gimana, harusnya ada barang free tapi gak diberikan padahal jelas2 tertera ada free barang lain"
380,belinya harga normal tapi dapatnya stok lama. exp 12.22 padahal pemakaian refining serum kan ngga tiap hari dan hanya tipis2. mana harganya plg mahal diantara serum2 lainnya. sebelumnya beli serum2 lain dpt yg exp 2024. rugi jatohnya :(
381,"penipu. ga ada isinya. t0l0l. bye

di chat jawabnya cuma disuruh berdiriin kemasan like wtf gue jg tau woiii. ga kelas 50rb ga ada isi. bener2 penipuan sih."
382,saya beli 10 pcs yang dateng malah cuman 5pcs
383,no review found
384,isinya seuprit nyesel bgt
385,"sy tanya expired kapan, jawabannya 1-2 tahun dr tgl produksi. lah sy mana tau pabrikan kapan produksinya. taunya dikirimin barang exp cuma 6 bulan lagi. kalo pembeli nanya kapan expired jawab aja tgl yg tertera di kemasan bukan estimasi expired. sorry aja nih cuma 1 â­ï¸ karena emang kecewa !!!"
386,"pertama aku kira memang bercak2 sabunnya karena aku beli 2 dan 2-2nya bercak, tapi ternyata defect alias produk cacat. setelah aku liat review blogger sama ulasan pembeli yang lain sabunnya tidak ada bercak. 
produk yg aku terima ini sampe dalemnya juga bercak kayak jamuran. produk gagal tlg jangan d jual"
387,tidak ada isinya..kosong
388,"sampai skrg blm dtg brngnya setelah diretur krn dtg posisi kosong.. barangnya bocor.. sdh brp kali chat follow up, balesannya akn dcek.. smpe skrg ga ada kbr.. mohon maaf yaa saya kasih bintang 1.."
389,barang tidak di terima/tidak sampai.
390,saya dikasi produk yg sudah kepake. kemasan luarnya masih utuh tersegel. tapi isi dalamnya sudah hampir habis. tinggal sisa pake 2x habis. kecewa berat. jadinya saya order baru lagi skrg di toko lain. insyaallah gak ketipu lagi. :( :( :(
391,tidak ada isinya
392,no review found
393,"saya gatal2 kalau pake, sama perih yaa setelah bbrp kali pemakaian"
394,no review found
395,no review found
396,no review found
397,"isi nya tidak ada sheet mask, hanya cairan ðð»"
398,barang hilang/ tidak sampai pesanan
399,exp nya bulan 11 ya bukan 12 nulis itu yang sesuai dg kenyataan barang.
400,"beli 2 dikirim hanya satu, tidak minta pengembalian dana karena saya beli untuk ibu saya di luar kota, dan baru dibuka beberapa hari setelahnya sehingga terlanjur tidak bisa dikomplain, sedih banget ga amanah penjualnya, padahal udah berapa kali saya beli avoskin ini lo ð­"
401,"harga normal dapat expired date mepet tgl 7 bln lagi padahal beli yg harga normal bukan clearance sale, udah di minta solusi ttep aja gak bisa menyelesaikan solusi, kapok"
402,no review found
403,barang tdk sampai ke pelanggan... si cepat haluâ² benarâ² halu mengecewakan... sebaigai pelanggal avo skin rugi kan saya. tolong kurir ya yg amanah.
404,"warna produk hafusnya gel bening, tapi yg di terima warna kuning, kecewa sih sekelas avoskin dapat barang kaya gini"
405,"ga amanah, beli 7 dikirim 6"
406,"ga amanah, beli 7 dikirim 6"
407,"ga amanah, beli 7 dikirim 6"
408,"ga amanah, beli 7 dikirim 6"
409,"ga amanah, beli 7 dikirim 6"
410,beli 7 dikirim 6
411,beli 7 dikirim 6
412,no review found
413,ga ngerti knp smpe 7x gagal pickup...
414,"saya pesen 2 tapi yg datang cuma 1, pdhl diresi nya tertulis 2 pcs, emang salah saya ga divideoin krn udh percaya aja krn udah sering beli juga eeeehh ya sudahlah mo gmn lagi ga divideoin jugað cuma ada foto doang"
415,"expired date tinggal 5 bln lg, padahal pembelian sblmnya expired bisa 2 th, packaging kotor dan dusnya lecet. obat totol jerawatnya kempes gak padat seperti sebelumnya"
416,"expired bulan oktober 2023. padahal pembelian sebelumya expirednya bisa sampe 2 thn. ini cuma 5 bln lg kau expired. sy kecewa krn ini bukan pembelian pertama d avoskin, 6 produk yg sy pakai dr avoskin, baru kali ini dikasih yg exp datenya cuma 5 bln"
417,no review found
418,no review found
419,kecewa karena tidak dijelaskan mengenai bonus pouchnya. pas dateng gak ada free produk apapun. sudah komplain namun tidak ada respon. semoga lebih baik lg avoskin.
420,"kardusnya udh sobek2. pdhl dipakein bublewrap lho. pas cb buka produknya, tutup botolnya agak susah dibuka cm bisa di puter tp ga kebuka2."
421,"secara packaging ok, tapi cap nya plastik bgt. secara hasil, di aku bikin merah2 :( terus begitu bangun tidur, kulit aku ada bau2 skincarenya gitu. not too impressed.... affordable but very average quality."
422,"expnya 2022, biasanya exp skincare yg dijual itu rata2 tahun 2023 minimal. ini stock lama di kasih ke pembeli termasuk deket exp 2022"
423,kecewa harusnya jelas2 pas checkout tlsnnya dpt cash back ini mlh gk dpt
424,kecewa harusnya jelas2 pas checkout tlsnnya dpt cash back ini mlh gk dpt
425,botol tidak ditutup rapat.. isinya tumpah
426,pengiriman cepet sih.. tapi w ga suka baunya.. baunya ga enak
427,"tekstur cream nya g kek cream malamny, agak keras"
428,pengemasan lama tidak sesuai est time yang ditampilkan. alasanya overload orderan tp di ecommerce lain bisa dikirim ontime dan cek penilaian toko sudah banyak yg terima produk tepat waktu. harus hc dulu baru dikirim barangnya. pelayanannya not recommended
429,"requestnya avoskin action eye ampoule tapi yang dikirim intensive nourishing eye cream. jelas2 beda item
tp semoga cocok "
430,"seperti sudah lama, cream nya ada air air terpisah di atas nya. 
perih saat di apply"
431,"kenapa susah bgt keluarin produknya, harus yg benerâ² dipencet banget baru keluar. emg kayak gini ?"
432,"produknya sih bener yaitu ysb aa dan toner niacin, tapi gambar produk misleading menyesatkan dan menipu sih. saya beli ini bukan buat pake sendiri, tapi buat gift ke orang, jadi sengaja cari yang paket dengan dus cantik seperti di gambar ini. ketika datang cuma individual box. menyesatkan banget deh, tau gitu saya beli brand lain yang gambar packagingnya sesuai dengan packaging ketika dikirim. skr jadi saya harus cari box lagi. kalau jualnya individual box produk gini gak usah sok-sok tulis ""glow set package"" dan pasang gambar dus packaging yang menipu gini lah. gambar sesuai produk dong harusnya."
433,pas dibuka dalamnya kopong dipencet isinya ini 1x pake doang habis.... ga ngerti apa 5ml sedikit itu ya ?? ga worth it harganya ð
434,"muncul jerawat batu setelah pakai ini, udh 1 bulan lebih bekasnya ga hilang ð­"
435,"muka ku auto merah, kukira cm efek pertama tp trnyt stlh pemakaian beberapa kali dan padahal gak setiap hari ttp aja sama. aku mau preloved aja yaa ************"
436,"beli di tokped ternyata dr toko cabang, expirednya lebih cepet bahkan dr botol saya yg sudah mau abis dan warna sudah menguning. gatau apakah produk rusak atau masih aman dipake? overall cukup mengecewakan"
437,no review found
438,"review jujur: produknya bagus tp jd kurang respect krn di gambar ditulis dpt tas, tp ternyata pas dibuka engga ada. pas dikomplain uda sertakan foto tetep engga bisa krn katanya engga ada bukti video. buyers are not expect something wrong, apalagi sekelas official store avoskin tp tetep aja klo kaya gini buyers yg disalahkan dan dirugikan. seolah-olah 100% kesalahan buyer, pdhl jg ada part kesalahan penjual krn produk tdk dikirim lengkap. untung cuma tas hadiah, gimana klo yg salah kirim produk serum ratusan ribu? buat yg belanja disini hati hati ya, selalu bikin video unboxing krn sekelas avoskin aja bisa bikin kesalahan. smg tdk terjadi sama teman yg lain. 
tambahan info: bungkus sangat tight dgn produk dan bahkan solasinya msh nempel di kardus, logikanya klo ada tasnya engga mungkin bisa setight itu kan..."
439,"kulitku bukan tipe kulit yg sensitif, jarang breakout, tp pke ini bru 2x langsungjerawat kecil2 muncul ð"
440,"pengiriman sampe 11 hari lama bgt pdhl pket yg lain udh sampe bahkan paket 7.7 udh sampe,"
441,paket terlama yg pernah aku terimað¥² seminggu baru sampe wkwwk gatau nyangkut dimana ini paket
442,pas dibuka udah ancur ga bersisa ð­
443,"ga cocok, paginya muka merah2 di pipi, jidat, bawah mata"
444,"kemasan botol toner nya tolong diperbaiki, tutup botol tdk rapat dan kencang, longgar2. botol toner menjadi pecah terlepas dr pegangan."
445,"untuk pengiriman produknya bagus, cepat,aman, tapi maaf ternyata produk ini ga cocok di kulitku yang ada langsung tumbuh jerawat 4."
446,pesenan salah dtg terus barangnya udh abis piye mo retur lg ppkm gini jg ribet huv :(
447,cream mahal tapi gaada spatula nya hmmmm nyesek abis cekot 1 ml = 16.000ð¥² semoga cocok deh
448,"kulit saya gak cocok pakai sunscreen ini, timbul jerawat meskipun cuma 1"
449,not worth your 50k
450,"pesan ysk bae, yg datang phte special edition. setelah proses komplain, retur barang, dsb pesanan saya baru dtg tanggal 6 agustus. padahal pesan dari tgl 28 juli."
451,"sudah pengiriman lama ternyata di aku ga cocok banget. mmg tipe ***** aku sensitif dan acne prone dan ga cocok dgn niacinamide. namun di iklan2 sblm launch positif review semua dan katanya kandungan niacinamide dan actives lainnya aman bagi segala permasalahan ***** dan tipe *****, bahkan cocok di bumil dan busui. akhirnya bela2in ikutan war tengah malam. pas dtg jg lama banget 2 minggu. begitu coba sehari lgsg ada jerawat di jidat kirain krn kotor ya, setelah 4 **** pakai makin parah, jerawat dan bruntusan muncul ditempat2 yg enggak pernah jerawatan lagi. duh susah2 sembuhin kulitku yg akhirnya ga berjerawat lagi, eh skg jerawatan. sampe skg ga berani bareface lagi. tdnya aku beli toner yg biasa dipakai cuman krn udh *** abis ya cobain beli satu set ini. ternyata malah amburadul kulitnya. kalau yg cocok produknya sih monggo ya. tp klo yg mmg âkulitnya ga badakâ dan dirasa ga cocok sama kandungan tertentu, mohon pertimbangin dipakainya. kalau di saya pengalaman memakainya seperti ini. positifnya cuman seneng dpt guasha dan diskon. tp jd mubazir. kalau ada yg *** saya sale. dm aja ya."
452,"packaging nya rusak ,penyok & box packaging nya sdh terbuka sedikit 
segel box toner nya rusak 
untung botol tidak pecah ð¤¦ââï¸ð¤¦ââï¸"
453,exp hanya tinggal 9 bulan lagi. hmmmmmm
454,"baru kali ini terimabarang dari sekelas avoskin tapi kotaknya ambrulradul udah sobek2 pinggirnya kaya pake kardus lama, sedihnya meskipun beli buru2 ditanggal release nya ehhhh nggak dapet apa2ðð miris bangettttttt, tau gitu belinya nunggu ntar2an, kapok deh..."
455,"beli pas diskon sih, tapi ternyata dapat barang yg exp nya deket :( kecewa bgt"
456,"kecewa banget waktu flash sale gaada tulisan exp tahun ini. eh yang nyampe exp 11/22 padahal harga cuma beda berapa puluh ribu.
udah komplain bilangnya masih bisa paonya 12 bulan. gimana bisa coba orang dari hari ini sampe exp datenya aja ga sampe 12 bulan. udah mana responnya gitu doang ihh kecewa banget. tau gitu mending beli yang ga flash sale"
457,"penjual tidak responsif dan kesalahan kirim ke tujuan, setelah dikomplain dihari kedua, baru dikirimkan sesuai tujuan yg sebenarnya"
458,"entah kenapa aku malah jerawaten parah pakek ini huhu, mungkin emang kurang cocok aja. sebelumnya pakek serum yg mengandung niacinamide lebih friendly di kulit mukaku"
459,respon dan proses lama
460,pengiriman super duper lamaaaaaa.... pake jnt dari tgl 30 nyampe2 tgl 7... haduhhh...
461,pengirimannya lama. 
462,barang kecil isinya sedikit
463,"pengemasan terlalu lama, pengiriman juga lama pesan sabtu barang baru nyampr kamis"
464,klaim garansi nya lambat respon
465,ternyata ga cocok buat kulit muka sy ð¢
466,ternyata ga cocok untuk kulit muka sy ð¢
467,membuat muka jadi breakout
468,membuat muka jadi breakout
469,lama banget sampe nya
470,total durasi sejak order sampai barang tiba: 9 hari. sangat lambat. ðð» 
471,"tampilan produk jgn sama dong, jadi salah beli, mana beliin buat org"
472,ko dipake malah muncul jerawat yaa..padahal itu buat kulit sensitif
473,"hadiah nya kurang transparasi:( lbh baik gambarnya itu lgsg ganti kalau stok free gift nya abis kan ada pengaturan stok nya berapa gtu drpd jdi php, atau ditulis di gambarnya kalau limited juga biar lbh jelas."
474,pengiriman lambat
475,cukup kecewa karna packaging tidak sesuai dengan gambar
476,kl di aku pribadi kurang cocok malah terkesan kusam mukaku
477,tidak cocok hehehrhohehehehzlsonfnpqkdcmewkekeoeopseolejedmdmyfmdleowp2oejrmttmrkwo2mrnfwowo9293u4i5hnfoeorntnrneelle
478,size kecil isinya sedikkit
479,"jadi karena baca review2 bagus, saya coba ya. ternyata, tetap whitecast nyata kaya pake tepung basah di muka. sudah coba pake hidrasi dulu sebelumnya tetep gak ngeblend (takaran 2 jari ya). lama lama whitecast makin cemong, dan tetap perih kena mata. kalau mau wudhu harus bersihin pake cleansing oil dulu. pake dalam rumah aja gapapa sih, kalo buat keluar2 gak mungkin karena cemong gini. kulit saya : kombinasi dry to normal, sensitif, age 35 keatas."
480,"tempatnya robek 
kegedean tempat jadi gak nyangka isinya seuprit"
481,ngga cocok pake ini karena jadi bruntusan + jerawat
482,isinya dikit bgt kebanyakan angin tau gt beli yg 30 ml aja ya cuma nambah 50rb lg:(
483,udah minta d batalin pemesanan tapi barangnya jd dikirim..
484,intinya kecewa akh.
485,isinya sangat sedikit
486,lama sekali
487,saya beli barang 5 di kirim 4
488,"reschedule mulu, lama banget kirimnya"
489,"paket datang dengan kondisi sobek di dusnya. menurut info kurir sudah dari sananya seperti itu, wallahualam..
untungnya didalam menggunakan bubble wrap jadi isinya masih aman dan kemasan didalam juga masih tersegel rapi. cuma rada kecewa aja ketika pertama kali terima paketnya. semoga kedepannya dapat di perhatikan lagi dalam pengemasannya, mungkin di atas dusnya bisa di lapisi lagi dengan plastik agar tidak terjadi lagi seperti ini."
490,"pengalaman pertama beli avoskin. belum tau isi productnya, kalau bagus productnya mungkin beli lg. tapi super kecewa sm packagingnya sih. seperti difoto pump sm tutupnya nyatu. ud ditarik tetep gbs. skrg mau ambil productnya susah sekali. smg packaginya lbh baik lg ya kedpnnya."
491,dikirain isinya banyak ya kaya brand lain taunya cuman gini doang si ga worth it kesannya cuman ngasih barang yg ga kejual
492,produk ok tapi pengirimannya lama 
493,pengiriman lama padahal beli barang yg hrgnya gak murah2 amat & dari official store. kalo dibandingin ke sesama toko official store dari jkt yg lagi ada flash sale masak nyampenya malah lebi cepet. gak lg deh beli di official store uda lebi mahal hrgnya pengirimannya jg lebi lama
494,"waktu paket dibuka, segel kotaknya udah kebuka, trus didalamnya udah kek gini huhuu 
gatau ini ori apa enggaðð"
495,"bara tiba dengan selamat tapi  cs avoskin tolong diperbaiki lagi dia ngomong soal sop tapi ga paham yang saya bilang, cuma minta konfirmasi pesanan karena saya udah transaksi. ngomong kemana2 bilang sop! ribet banget soal konfirmasi pesanan masa harus nunggu 2 hari :)"
496,"saya yakin barangnya bagus , sayangnya pelayanannya sangat sangat kurang"
497,"hallo ka emang warna produknya kuning bening kaya gini ya? perasaan waktu pertama beli warna nya putih bening, ga kuning bngt. tapi ini kuning bngt.. takutnya sudah teroksidasi gitu. apakah ini masih aman untuk dipakai?"
498,"emang dapet harga kejar diskon doh jadi 182000. not cheap at all. tp dapet yg expired date 09/2022

tau dong retinol ga mungkin dipakai tiap hari langsung. build tolerance dulu, tp dikasi ed ngepas setaun. kalo diskonnya 50% mah bebasss bunn.. ð¤£ð¤£ð¤£ð¤£ð¤£"
499,ukuran produk kecil sekali. menurut saya mahal untuk harga segini.
